NAME,STATEFP,STATE_ABBR,SCOPE,CATEGORY,OWNER_CLASS,ITEM_TYPE,DATASET_NAME,SOURCE_ACCREDITATION,URL,DATA_AGE,DESCRIPTION,APPLICABLE_SYSTEM_TYPES,MIN_SYSTEM_SIZE_MW,MAX_SYSTEM_SIZE_MW,COST,STATUS,EFFECTIVE_DATE,EXPIRY_DATE,TIMEFRAME_DAYS
,,,federal,incentive,,,USDA - Rural Energy for America Program (REAP) Loan Guarantees,,https://www.rd.usda.gov/programs-services/energy-programs/rural-energy-america-program-renewable-energy-systems-energy-improvement-guaranteed-loans,,"Program-level record for a solar incentive available in United States, categorized as Loan Program. Typically includes the program name, administrator, eligibility rules, incentive structure or value, application steps, and deadlines.",,,,,error,,,
,,,federal,incentive,,,Business Energy Investment Tax Credit (ITC),,https://www.irs.gov/credits-deductions/clean-electricity-investment-credit,,"Program-level record for a solar incentive available in United States, categorized as Corporate Tax Credit. Typically includes the program name, administrator, eligibility rules, incentive structure or value, application steps, and deadlines.",,,,,expired,,,
,,,federal,incentive,,,USDA - Rural Energy for America Program (REAP) Grants,,https://www.rd.usda.gov/programs-services/energy-programs/rural-energy-america-program-renewable-energy-systems-energy-improvement-grants,,"Program-level record for a solar incentive available in United States, categorized as Grant Program. Typically includes the program name, administrator, eligibility rules, incentive structure or value, application steps, and deadlines.",,,,,error,,,
,,,federal,incentive,,,Modified Accelerated Cost-Recovery System (MACRS),,https://www.irs.gov/publications/p946,,"Program-level record for a solar incentive available in United States, categorized as Corporate Depreciation. Typically includes the program name, administrator, eligibility rules, incentive structure or value, application steps, and deadlines.",,,,4000000.0,expired,,,292
,,,federal,incentive,,,Residential Energy Conservation Subsidy Exclusion (Corporate),,https://www.irs.gov/publications/p525,,"Program-level record for a solar incentive available in United States, categorized as Corporate Tax Exemption. Typically includes the program name, administrator, eligibility rules, incentive structure or value, application steps, and deadlines.",,,,3000.0,expired,"December 22, 2017",,30
,,,federal,incentive,,,U.S. Department of Energy - Loan Guarantee Program,,https://www.energy.gov/lpo/loan-programs-office,,"Program-level record for a solar incentive available in United States, categorized as Loan Program. Typically includes the program name, administrator, eligibility rules, incentive structure or value, application steps, and deadlines.",,,,26.0,expired,,,
,,,federal,incentive,,,Residential Renewable Energy Tax Credit,,https://www.irs.gov/credits-deductions/residential-clean-energy-credit,,"Program-level record for a solar incentive available in United States, categorized as Personal Tax Credit. Typically includes the program name, administrator, eligibility rules, incentive structure or value, application steps, and deadlines.",,,,500.0,expired,,,
,,,federal,incentive,,,USDA - Rural Energy for America Program (REAP) Energy Audit and Renewable Energy Development Assistance (EA/REDA) Program,,https://www.rd.usda.gov/programs-services/energy-programs/rural-energy-america-program-energy-audit-and-renewable-energy-development-assistance,,"Program-level record for a solar incentive available in United States, categorized as Grant Program. Typically includes the program name, administrator, eligibility rules, incentive structure or value, application steps, and deadlines.",,,,,error,,,
,,,federal,incentive,,,Residential Energy Conservation Subsidy Exclusion (Personal),,https://www.irs.gov/publications/p525,,"Program-level record for a solar incentive available in United States, categorized as Personal Tax Exemption. Typically includes the program name, administrator, eligibility rules, incentive structure or value, application steps, and deadlines.",,,,3000.0,expired,"December 22, 2017",,30
,,,federal,incentive,,,USDA - High Energy Cost Grant Program,,https://www.rd.usda.gov/programs-services/electric-programs/high-energy-cost-grant-program,,"Program-level record for a solar incentive available in United States, categorized as Grant Program. Typically includes the program name, administrator, eligibility rules, incentive structure or value, application steps, and deadlines.",,,,,error,,,
,,,federal,incentive,,,Energy-Efficient Mortgages,,https://www.hud.gov/buying/loans,,"Program-level record for a solar incentive available in United States, categorized as Loan Program. Typically includes the program name, administrator, eligibility rules, incentive structure or value, application steps, and deadlines.",,,,,active,,,
,,,federal,incentive,,,Fannie Mae Green Financing – Loan Program,,https://multifamily.fanniemae.com/financing-options/specialty-financing/green-financing,,"Program-level record for a solar incentive available in United States, categorized as Loan Program. Typically includes the program name, administrator, eligibility rules, incentive structure or value, application steps, and deadlines.",,,,,error,,,
,,,federal,incentive,,,Office of Indian Energy Policy and Programs - Funding Opportunities,,https://www.energy.gov/indianenergy/funding,,"Program-level record for a solar incentive available in United States, categorized as Grant Program. Typically includes the program name, administrator, eligibility rules, incentive structure or value, application steps, and deadlines.",,,,,active,,,
,,,federal,incentive,,,Energy-Efficient Commercial Buildings Tax Deduction,,https://www.irs.gov/credits-deductions/energy-efficient-commercial-buildings-deduction,,"Program-level record for a solar incentive available in United States, categorized as Corporate Tax Deduction. Typically includes the program name, administrator, eligibility rules, incentive structure or value, application steps, and deadlines.",,,,0.5,expired,,,
,,,federal,incentive,,,Residential Energy Efficiency Tax Credit,,https://www.irs.gov/credits-deductions/energy-efficient-home-improvement-credit,,"Program-level record for a solar incentive available in United States, categorized as Personal Tax Credit. Typically includes the program name, administrator, eligibility rules, incentive structure or value, application steps, and deadlines.",,,,3200.0,expired,,,
,,,federal,incentive,,,Qualified Commercial Clean Vehicle Tax Credit,,https://www.irs.gov/credits-deductions/commercial-clean-vehicle-credit,,"Program-level record for a solar incentive available in United States, categorized as Corporate Tax Credit. Typically includes the program name, administrator, eligibility rules, incentive structure or value, application steps, and deadlines.",,,,40000.0,expired,,,
,,,federal,incentive,,,Alternative Fuel Vehicle Refueling Property Tax Credit (Corporate),,https://www.irs.gov/credits-deductions/alternative-fuel-vehicle-refueling-property-credit,,"Program-level record for a solar incentive available in United States, categorized as Corporate Tax Credit. Typically includes the program name, administrator, eligibility rules, incentive structure or value, application steps, and deadlines.",,,,1000.0,expired,,,
,,,federal,incentive,,,Low Income Home Energy Assistance Program (LIHEAP),,https://www.acf.hhs.gov/ocs/programs/liheap,,"Program-level record for a solar incentive available in United States, categorized as Grant Program. Typically includes the program name, administrator, eligibility rules, incentive structure or value, application steps, and deadlines.",,,,,active,,,
,,,federal,incentive,,,Plug-In Electric Drive Vehicle Tax Credit,,https://www.irs.gov/credits-deductions/clean-vehicle-credit,,"Program-level record for a solar incentive available in United States, categorized as Personal Tax Credit. Typically includes the program name, administrator, eligibility rules, incentive structure or value, application steps, and deadlines.",,,,,error,,,
,,,federal,incentive,,,Previously-Owned Clean Vehicle Tax Credit,,https://www.irs.gov/credits-deductions/used-clean-vehicle-credit,,"Program-level record for a solar incentive available in United States, categorized as Personal Tax Credit. Typically includes the program name, administrator, eligibility rules, incentive structure or value, application steps, and deadlines.",,,,25000.0,expired,,,
,,,federal,incentive,,,Alternative Fuel Vehicle Refueling Property Tax Credit (Personal),,https://www.irs.gov/credits-deductions/alternative-fuel-vehicle-refueling-property-credit,,"Program-level record for a solar incentive available in United States, categorized as Personal Tax Credit. Typically includes the program name, administrator, eligibility rules, incentive structure or value, application steps, and deadlines.",,,,1000.0,expired,,,
,,,federal,incentive,,,Weatherization Assistance Program (WAP),,https://www.energy.gov/scep/wap/weatherization-assistance-program,,"Program-level record for a solar incentive available in United States, categorized as Grant Program. Typically includes the program name, administrator, eligibility rules, incentive structure or value, application steps, and deadlines.",,,,372.0,active,,,
,,,federal,incentive,,,Energy-Efficient Appliance Manufacturing Tax Credit,,https://www.irs.gov/credits-deductions/credits-for-manufacturers-of-energy-efficient-appliances,,"Program-level record for a solar incentive available in United States, categorized as Industry Recruitment/Support. Typically includes the program name, administrator, eligibility rules, incentive structure or value, application steps, and deadlines.",,,,,error,,,
,,,federal,incentive,,,"USDA - Biorefinery, Renewable Chemical, and Biobased Product Manufacturing Assistance Program",,https://www.rd.usda.gov/programs-services/business-programs/biorefinery-renewable-chemical-and-biobased-product-manufacturing-assistance-program,,"Program-level record for a solar incentive available in United States, categorized as Loan Program. Typically includes the program name, administrator, eligibility rules, incentive structure or value, application steps, and deadlines.",,,,,error,,,
,,,unknown,incentive,,,,,https://www.dsireusa.org/,,State-specific incentive sources and summary references used to organize state-by-state solar incentive programs beyond the directly mapped program rows above.,,,,,active,,,
,,,unknown,incentive,,,Non-residential renewable energy solutions,,https://programs.dsireusa.org/system/program/detail/22451/non-residential-renewable-energy-solutions,,"Program-level record for a solar incentive available in the applicable jurisdiction, categorized as Net metering. Typically includes the program name, administrator, eligibility rules, incentive structure or value, application steps, and deadlines.",,,,,expired,,,
,,,unknown,incentive,,,State incentives overview - See https://www.energy.gov/scep/slsc/renewable-energy-utility-scale-policies-and-programs,,https://www.energy.gov/scep/slsc/renewable-energy-utility-scale-policies-and-programs,,"Program-level record for a solar incentive available in the applicable jurisdiction. Typically includes the program name, administrator, eligibility rules, incentive structure or value, application steps, and deadlines.",,,,,error,,,
,,,federal,incentive,,,DSIRE API,,https://www.dsireusa.org/dsire-api/,,"National API or structured service providing policy and incentive records for renewable energy, efficiency, storage, and related technologies across U.S. jurisdictions.",,,,,active,,,
,,,unknown,incentive,,,OpenEI Incentives API,,https://apps.openei.org/services/,,Public DOE / NREL API gateway exposing incentive and policy records for renewable and efficiency programs.,,,,,active,,,
,,,federal,incentive,,,OpenEI Utility Rate Database (URDB) API,,https://apps.openei.org/services/,,National utility-rate and tariff API that can be joined to serving utilities for customer-bill and compensation modeling.,,,,,active,,,
,,,federal,incentive,,,IRS Energy Communities Feature Layer,,https://services5.arcgis.com/V5xqUDxoOJurLR4H/ArcGIS/rest/services/IRS_Energy_Communities/FeatureServer/0,,Geospatial layer identifying federal energy-community geographies that may affect tax-credit eligibility or bonus treatment.,,,,,active,,,
,,,unknown,incentive,,,DOE / NETL Energy Communities Layers,,https://arcgis.netl.doe.gov/server/rest/services/Hosted/2024_Coal_Closure_Energy_Communities/FeatureServer,,DOE / NETL energy-community geospatial services covering coal-closure and statistical-area eligibility layers.,,,,,active,,,
,,,federal,permit,,,Section 404 Permit (FED-USACE-404),,https://www.usace.army.mil/Missions/Civil-Works/Regulatory-Program-and-Permits/,,"US Army Corps of Engineers (USACE) Regulatory Program overview describing federal permitting authorities and permit types related to activities affecting waters of the United States, including Section 404 (dredge and fill) and related regulatory guidance.",,,,,error,,,
,,,unknown,permit,,,Section 404 Permit (FED-USACE-404),,https://www.usace.army.mil/Missions/Civil-Works/Regulatory-Program-and-Permits/,,Some AquaPV projects may trigger federal authorization depending on site conditions and in-water impacts. This source supports federal permit applicability screening and links users to authoritative guidance.,,,,,error,,,
,,,unknown,permit,,,Section 404 Permit (FED-USACE-404),,https://www.usace.army.mil/Missions/Civil-Works/Regulatory-Program-and-Permits/Obtain-a-Permit/,,"USACE guidance explaining how to apply for a regulatory permit, including process steps, coordination expectations, and application resources.",,,,,error,,,
,,,federal,permit,,,Section 10 Permit (FED-USACE-10),,https://www.usace.army.mil/Missions/Civil-Works/Regulatory-Program-and-Permits/Section-10/,,USACE guidance on Section 10 permitting under the Rivers and Harbors Act for structures or work in or affecting navigable waters of the United States.,,,,,error,,,
,,,unknown,permit,,,Section 10 Permit (FED-USACE-10),,https://www.usace.army.mil/Missions/Civil-Works/Regulatory-Program-and-Permits/Obtain-a-Permit/,,"USACE guidance explaining how to apply for a regulatory permit, including process steps, coordination expectations, and application resources.",,,,,error,,,
,,,federal,permit,,,EPA NPDES permitting source,,https://www.epa.gov/npdes,,"Official permitting or permitting-adjacent source for United States. Typically includes permit pathways, agency jurisdiction, application guidance, compliance requirements, and supporting permitting references relevant to solar or water-adjacent infrastructure.",,,,,amended,,,
,,,unknown,permit,,,401 Water Quality Certification (CA-SWRCB-401),,https://www.waterboards.ca.gov/resources/fees/water_quality/,,Water Board fee schedule and cost guidance related to water quality certifications and other Water Board permitting activities.,,,,,pending,,,
,,,unknown,permit,,,Construction General Permit (CA-SWRCB-CGP),,https://smarts.waterboards.ca.gov/,,"Storm Water Multiple Application and Report Tracking System (SMARTS) used for CGP enrollment, document submission, reporting, and compliance tracking.",,,,,active,,,
,,,federal,permit,,,SolarAPP+ permitting tool,,https://solarapp.nrel.gov/,,"Official permitting or permitting-adjacent source for United States. Typically includes permit pathways, agency jurisdiction, application guidance, compliance requirements, and supporting permitting references relevant to solar or water-adjacent infrastructure.",,,,,active,,,
,,,federal,permit,,,USACE regulatory program and permits,,https://www.usace.army.mil/Missions/Civil-Works/Regulatory-Program-and-Permits/,,"Official permitting or permitting-adjacent source for United States. Typically includes permit pathways, agency jurisdiction, application guidance, compliance requirements, and supporting permitting references relevant to solar or water-adjacent infrastructure.",,,,,error,,,
,,,federal,permit,,,EPA ATTAINS,,https://www.epa.gov/waterdata/attains,,"National environmental or siting-screening dataset relevant to water, habitat, hazards, or adjacent infrastructure constraints.",,,,,amended,,,
,,,federal,permit,,,EPA ECHO Web Services,,https://echo.epa.gov/tools/web-services,,"National environmental or siting-screening dataset relevant to water, habitat, hazards, or adjacent infrastructure constraints.",,,,,amended,,,
,,,federal,permit,,,NOAA Coastal Zone Management Act Boundary,,https://coast.noaa.gov/arcgis/rest/services/Hosted/CoastalZoneManagementAct/FeatureServer/0,,"National environmental or siting-screening dataset relevant to water, habitat, hazards, or adjacent infrastructure constraints.",,,,,active,,,
,,,federal,permit,,,FEMA National Flood Hazard Layer (NFHL),,https://www.fema.gov/national-flood-hazard-layer-nfhl,,"National environmental or siting-screening dataset relevant to water, habitat, hazards, or adjacent infrastructure constraints.",,,,,pending,,,
,,,federal,permit,,,USFWS Critical Habitat Feature Service,,https://services.arcgis.com/QVENGdaPbd4LUkLV/ArcGIS/rest/services/USFWS_Critical_Habitat/FeatureServer,,"National environmental or siting-screening dataset relevant to water, habitat, hazards, or adjacent infrastructure constraints.",,,,,pending,,,
,,,federal,permit,,,USFWS IPaC,,https://ipac.ecosphere.fws.gov/,,"National environmental or siting-screening dataset relevant to water, habitat, hazards, or adjacent infrastructure constraints.",,,,,expired,,,90
,,,federal,permit,,,USFWS National Wetlands Inventory (NWI),,https://www.fws.gov/program/national-wetlands-inventory,,"National environmental or siting-screening dataset relevant to water, habitat, hazards, or adjacent infrastructure constraints.",,,,,error,,,
,,,federal,permit,,,USGS NHDPlus High Resolution,,https://www.usgs.gov/national-hydrography/nhdplus-high-resolution,,"National environmental or siting-screening dataset relevant to water, habitat, hazards, or adjacent infrastructure constraints.",,,,,pending,,,
,,,federal,permit,,,USGS 3D Elevation Program (3DEP),,https://www.usgs.gov/3d-elevation-program,,"National environmental or siting-screening dataset relevant to water, habitat, hazards, or adjacent infrastructure constraints.",,,,13.0,active,,,
,,,federal,permit,,,NOAA / NCEI Bathymetric Data Viewer,,https://www.ncei.noaa.gov/products/seafloor-mapping,,"National environmental or siting-screening dataset relevant to water, habitat, hazards, or adjacent infrastructure constraints.",,,,,expired,,,
,,,federal,permit,,,NOAA Electronic Navigational Charts Shoreline,,https://coast.noaa.gov/digitalcoast/data/enc-shoreline.html,,"National environmental or siting-screening dataset relevant to water, habitat, hazards, or adjacent infrastructure constraints.",,,,,active,,,
,,,federal,permit,,,USACE National Levee Database,,https://nld.sec.usace.army.mil/,,"National environmental or siting-screening dataset relevant to water, habitat, hazards, or adjacent infrastructure constraints.",,,,2.0,expired,,,
,,,federal,permit,,,USACE RIBITS,,https://www.arcgis.com/home/item.html?id=77c648d946ab4f9cb731524e705272d2,,"National environmental or siting-screening dataset relevant to water, habitat, hazards, or adjacent infrastructure constraints.",,,,,active,,,
,,,federal,permit,,,National Inventory of Dams,,https://nid.sec.usace.army.mil/,,"National environmental or siting-screening dataset relevant to water, habitat, hazards, or adjacent infrastructure constraints.",,,,,active,,,
,,,federal,regulation,,,Interconnection Standards for Small Generators,,https://www.ferc.gov/electric-transmission/generator-interconnection/standard-interconnection-agreements-and-procedures,,"Jurisdiction-level solar policy or regulatory requirement in United States, categorized as Interconnection. Summarizes applicability, key requirements (for example, interconnection, net metering, or permitting standards), and links to supporting documentation.",,,,,error,,,
,,,federal,regulation,,,DSIRE API,,https://www.dsireusa.org/dsire-api/,,"National policy or tariff data source relevant to distributed generation, compensation, or state-level renewable policy monitoring.",,,,,active,,,
,,,federal,regulation,,,OpenEI Utility Rate Database (URDB) API,,https://apps.openei.org/services/,,National utility-rate and tariff API that can be joined to utility territories for economic and compensation analysis.,,,,,active,,,
Butte,,,unknown,permit,,,Butte County — Building permits portal,,https://www.buttecounty.net/263/Building-Division,,"Official county building department website or permitting portal that provides the authoritative entry point for building and electrical permits. Typically includes application steps, required documents, plan review, inspections, fee information, and links to online permitting systems.",,,,,error,,,
Humboldt,,,unknown,permit,,,Humboldt County — Building permits portal,,https://humboldtgov.org/156/Planning-Building,,"Official county building department website or permitting portal that provides the authoritative entry point for building and electrical permits. Typically includes application steps, required documents, plan review, inspections, fee information, and links to online permitting systems.",,,,,pending,"July 1, 2024",,
Kings,,,unknown,permit,,,Kings County — Building permits portal,,https://www.countyofkings.com/departments/community-development-agency/building-division,,"Official county building department website or permitting portal that provides the authoritative entry point for building and electrical permits. Typically includes application steps, required documents, plan review, inspections, fee information, and links to online permitting systems.",,,,,error,,,
Lake,,,unknown,permit,,,Lake County — Building permits portal,,https://www.lakecountyca.gov/367/Building,,"Official county building department website or permitting portal that provides the authoritative entry point for building and electrical permits. Typically includes application steps, required documents, plan review, inspections, fee information, and links to online permitting systems.",,,,,active,,,
Orange,,,unknown,permit,,,Orange County — Solar permitting page,,https://ocpublicworks.com/building-safety/permits/online,,"County-maintained solar PV permitting guidance page. Often includes solar checklists, standard plan requirements, expedited processing guidance, common corrections, and links to submit permits online.",,,,,error,,,
Orange,,,unknown,permit,,,Orange County Public Works source,,https://www.ocpublicworks.com/,,"Official permitting or permitting-adjacent source for Local jurisdiction. Typically includes permit pathways, agency jurisdiction, application guidance, compliance requirements, and supporting permitting references relevant to solar or water-adjacent infrastructure.",,,,1.82,expired,,,
Santa Cruz,,,unknown,permit,,,Santa Cruz County — Building permits portal,,https://www.sccoplanning.com/PlanningHome/BuildingSafety.aspx,,"Official county building department website or permitting portal that provides the authoritative entry point for building and electrical permits. Typically includes application steps, required documents, plan review, inspections, fee information, and links to online permitting systems.",,,,,pending,,,
Sierra,,,unknown,permit,,,Sierra County — Building permits portal,,https://www.sierracounty.ca.gov/181/Building-Department,,"Official county building department website or permitting portal that provides the authoritative entry point for building and electrical permits. Typically includes application steps, required documents, plan review, inspections, fee information, and links to online permitting systems.",,,,,pending,,,
Trinity,,,unknown,permit,,,Trinity County — Building permits portal,,https://www.trinitycounty.org/Building,,"Official county building department website or permitting portal that provides the authoritative entry point for building and electrical permits. Typically includes application steps, required documents, plan review, inspections, fee information, and links to online permitting systems.",,,,,error,,,
,00,US,federal,regulation,,,Federal Appliance Standards,,https://www.energy.gov/eere/buildings/appliance-and-equipment-standards-program,,"Jurisdiction-level solar policy or regulatory requirement in United States, categorized as Appliance/Equipment Efficiency Standards. Summarizes applicability, key requirements (for example, interconnection, net metering, or permitting standards), and links to supporting documentation.",,,,105.0,active,,,
,00,US,federal,regulation,,,Energy and Emissions Goals and Standards for Federal Government,,https://www.energy.gov/femp/federal-building-energy-efficiency-rules-and-requirements,,"Jurisdiction-level solar policy or regulatory requirement in United States, categorized as Energy Standards for Public Buildings. Summarizes applicability, key requirements (for example, interconnection, net metering, or permitting standards), and links to supporting documentation.",,,,3.0,expired,,,
,01,AL,state,incentive,,,State incentives overview - AL,,https://programs.dsireusa.org/system/program/AL,,"Program-level record for a solar incentive available in Alabama. Typically includes the program name, administrator, eligibility rules, incentive structure or value, application steps, and deadlines.",,,,,active,,,
,01,AL,state,incentive,,,Local Option - Property Tax Exemption for Renewable Energy Facilities,,https://www.energybot.com/incentives/alabama/local-option-property-tax-exemption-for-renewable-energy-facilities-5943.html,,"Program-level record for a solar incentive available in Alabama, categorized as Property Tax Incentive. Typically includes the program name, administrator, eligibility rules, incentive structure or value, application steps, and deadlines.",,,,,expired,,,
,01,AL,state,incentive,,,Energy-Efficient Retrofits Program,,https://adeca.alabama.gov/sep/,,"Program-level record for a solar incentive available in Alabama, categorized as Grant Program. Typically includes the program name, administrator, eligibility rules, incentive structure or value, application steps, and deadlines.",,,,50000.0,active,,,
,01,AL,state,regulation,,,Interconnection Standards,,https://www.alabamapower.com/clean-energy/solar-energy.html,,"Jurisdiction-level solar policy or regulatory requirement in Alabama, categorized as Interconnection. Summarizes applicability, key requirements (for example, interconnection, net metering, or permitting standards), and links to supporting documentation.",,,,,pending,,,
,02,AK,state,regulation,,,Regulatory Commission of Alaska — solar / distributed generation regulatory portal,,https://rca.alaska.gov/,,"Official state Public Service Commission or Public Utility Commission portal providing regulatory decisions, distributed generation policy, interconnection standards, and related solar market oversight. This grouped source class supports scalable state-by-state tracking without creating a different source architecture for every regulator. This row covers Alaska.",,,,,active,,,
,05,AR,state,incentive,,,State incentives overview - AR,,https://programs.dsireusa.org/system/program/AR,,"Program-level record for a solar incentive available in Arkansas. Typically includes the program name, administrator, eligibility rules, incentive structure or value, application steps, and deadlines.",,,,,active,,,
,05,AR,state,regulation,,,Green Building Standards for State Facilities,,https://www.adeq.state.ar.us/energy/resources/government.aspx,,"Jurisdiction-level solar policy or regulatory requirement in Arkansas, categorized as Energy Standards for Public Buildings. Summarizes applicability, key requirements (for example, interconnection, net metering, or permitting standards), and links to supporting documentation.",,,,100.0,pending,,,
,05,AR,state,regulation,,,Interconnection Guidelines,,https://www.solarqcgroup.com/solar-incentives/AR/778/interconnection-guidelines,,"Jurisdiction-level solar policy or regulatory requirement in Arkansas, categorized as Interconnection. Summarizes applicability, key requirements (for example, interconnection, net metering, or permitting standards), and links to supporting documentation.",,,,,expired,,,
,05,AR,state,regulation,,,Net Metering,,https://www.apscservices.info/,,"Jurisdiction-level solar policy or regulatory requirement in Arkansas, categorized as Net Metering. Summarizes applicability, key requirements (for example, interconnection, net metering, or permitting standards), and links to supporting documentation.",,,,,error,,,
,06,CA,state,incentive,,,Partial Sales and Use Tax Exemption for Agricultural Solar Power Facilities,,https://rebates.energy/tax-incentives/ca/ca257f-partial-sales-and-use-tax-exemption-for-agricultural-solar-power-facilities/,,"Program-level record for a solar incentive available in California, categorized as Sales Tax Incentive. Typically includes the program name, administrator, eligibility rules, incentive structure or value, application steps, and deadlines.",,,,,error,,,
,06,CA,state,incentive,,,Renewable Market Adjusting Tariff (ReMAT),,https://www.cpuc.ca.gov/industries-and-topics/electrical-energy/electric-power-procurement/rps/rps-procurement-programs/renewable-market-adjusting-tariff,,"Program-level record for a solar incentive available in California, categorized as Feed-in Tariff. Typically includes the program name, administrator, eligibility rules, incentive structure or value, application steps, and deadlines.",,,,,pending,,,
,06,CA,state,incentive,,,Marin Clean Energy - Feed-In Tariff Plus,,https://www.mcecleanenergy.org/feed-in-tariff/,,"Program-level record for a solar incentive available in California, categorized as Feed-in Tariff. Typically includes the program name, administrator, eligibility rules, incentive structure or value, application steps, and deadlines.",,,,0.0,pending,,,
,06,CA,state,incentive,,,Sales and Use Tax Exemption for Electric Power Generation and Storage Equipment,,https://programs.dsireusa.org/system/program/CA,,"Program-level record for a solar incentive available in California, categorized as Sales Tax Incentive. Typically includes the program name, administrator, eligibility rules, incentive structure or value, application steps, and deadlines.",,,,,active,,,
,06,CA,state,incentive,,,Energy Efficiency Financing for Public Sector Projects,,https://www.energy.ca.gov/programs-and-topics/programs/energy-conservation-assistance-act-ecaa-program,,"Program-level record for a solar incentive available in California, categorized as Loan Program. Typically includes the program name, administrator, eligibility rules, incentive structure or value, application steps, and deadlines.",,,,,error,,,
,06,CA,state,incentive,,,Burbank Water & Power - Green Building Incentive Program,,https://programs.dsireusa.org/system/program/CA,,"Program-level record for a solar incentive available in California, categorized as Green Building Incentive. Typically includes the program name, administrator, eligibility rules, incentive structure or value, application steps, and deadlines.",,,,,active,,,
,06,CA,state,incentive,,,City of San Diego - Sustainable Building Expedited Permit Program,,https://www.sandiego.gov/development-services/sustainability/expedited-program,,"Program-level record for a solar incentive available in California, categorized as Green Building Incentive. Typically includes the program name, administrator, eligibility rules, incentive structure or value, application steps, and deadlines.",,,,,error,,,
,06,CA,state,incentive,,,Self-Generation Incentive Program,,https://www.cpuc.ca.gov/sgip,,"Program-level record for a solar incentive available in California, categorized as Rebate Program. Typically includes the program name, administrator, eligibility rules, incentive structure or value, application steps, and deadlines.",,,,280.0,active,,,
,06,CA,state,incentive,,,Property Tax Exclusion for Solar Energy Systems and Solar Plus Storage System,,https://www.boe.ca.gov/proptaxes/active-solar-energy-system.htm,,"Program-level record for a solar incentive available in California, categorized as Property Tax Incentive. Typically includes the program name, administrator, eligibility rules, incentive structure or value, application steps, and deadlines.",,,,,error,,,
,06,CA,state,incentive,,,Sales and Use Tax Exclusion for Advanced Transportation and Alternative Energy Manufacturing Program,,https://www.treasurer.ca.gov/caeatfa/ste/index.asp,,"Program-level record for a solar incentive available in California, categorized as Industry Recruitment/Support. Typically includes the program name, administrator, eligibility rules, incentive structure or value, application steps, and deadlines.",,,,,active,,,
,06,CA,state,incentive,,,Local Option - Municipal Energy Districts,,https://programs.dsireusa.org/system/program/CA,,"Program-level record for a solar incentive available in California, categorized as PACE Financing. Typically includes the program name, administrator, eligibility rules, incentive structure or value, application steps, and deadlines.",,,,,active,,,
,06,CA,state,incentive,,,Western Riverside Council of Governments - Home Energy Renovation Opportunity (HERO) Financing Program,,https://www.heroprogram.com/,,"Program-level record for a solar incentive available in California, categorized as PACE Financing. Typically includes the program name, administrator, eligibility rules, incentive structure or value, application steps, and deadlines.",,,,,error,,,
,06,CA,federal,incentive,,,CaliforniaFIRST,,https://www.californiafirst.org/,,"Program-level record for a solar incentive available in California, categorized as PACE Financing. Typically includes the program name, administrator, eligibility rules, incentive structure or value, application steps, and deadlines.",,,,245.0,expired,,,
,06,CA,state,incentive,,,LADWP - Non-Residential Energy Efficiency Incentive Program,,https://www.ladwp.com/commercial-services/programs-and-rebates/commercial-efficiency-solutions,,"Program-level record for a solar incentive available in California, categorized as Rebate Program. Typically includes the program name, administrator, eligibility rules, incentive structure or value, application steps, and deadlines.",,,,,error,,,
,06,CA,state,incentive,,,City of San Francisco - GreenFinanceSF,,https://sfenvironment.org/greenfinancesf,,"Program-level record for a solar incentive available in California, categorized as PACE Financing. Typically includes the program name, administrator, eligibility rules, incentive structure or value, application steps, and deadlines.",,,,,error,,,
,06,CA,state,incentive,,,State incentives overview - CA,,https://programs.dsireusa.org/system/program/CA,,"Program-level record for a solar incentive available in California. Typically includes the program name, administrator, eligibility rules, incentive structure or value, application steps, and deadlines.",,,,,active,,,
,06,CA,state,permit,,,401 Water Quality Certification (CA-SWRCB-401),,https://www.waterboards.ca.gov/water_issues/programs/cwa401/,,"California State and Regional Water Boards guidance for Clean Water Act Section 401 Water Quality Certification, including program purpose, responsible agencies, and general application guidance.",,,,,pending,"May 28, 2020",,30
,06,CA,state,permit,,,Construction General Permit (CA-SWRCB-CGP),,https://www.waterboards.ca.gov/water_issues/programs/stormwater/construction.html,,"California Construction Stormwater Program overview for the Construction General Permit (CGP), including coverage requirements, compliance expectations (SWPPP), risk levels, inspections, and reporting.",,,,,pending,,,
,06,CA,state,permit,,,Dam Alteration Permit (CA-DSOD-ALT),,https://water.ca.gov/Programs/All-Programs/Division-of-Safety-of-Dams,,California Department of Water Resources Division of Safety of Dams (DSOD) program information describing oversight of dams and reservoirs and DSOD’s role in reviewing alterations and safety-related compliance.,,,,,expired,,,
,06,CA,state,permit,,,Dam Alteration Permit (CA-DSOD-ALT),,https://leginfo.legislature.ca.gov/faces/codes_displaySection.xhtml?lawCode=WAT&sectionNum=6002.,,California Water Code statutory section providing legal definitions and authorities relevant to dam safety oversight and alteration related requirements.,,,,,expired,,,
,06,CA,state,permit,,,California Lake and Streambed Alteration Program,,https://wildlife.ca.gov/Conservation/LSA,,"Official permitting or permitting-adjacent source for California. Typically includes permit pathways, agency jurisdiction, application guidance, compliance requirements, and supporting permitting references relevant to solar or water-adjacent infrastructure.",,,,,pending,,,14
,06,CA,state,permit,,,California Clean Water Act Section 401 permitting source,,https://www.waterboards.ca.gov/water_issues/programs/cwa401/wrapp.html,,"Official permitting or permitting-adjacent source for California. Typically includes permit pathways, agency jurisdiction, application guidance, compliance requirements, and supporting permitting references relevant to solar or water-adjacent infrastructure.",,,,,expired,"May 28, 2020",,
,06,CA,state,permit,,,California construction stormwater permitting source,,https://www.waterboards.ca.gov/water_issues/programs/stormwater/construction.html,,"Official permitting or permitting-adjacent source for California. Typically includes permit pathways, agency jurisdiction, application guidance, compliance requirements, and supporting permitting references relevant to solar or water-adjacent infrastructure.",,,,,pending,,,
,06,CA,state,regulation,,,Statewide Solar Permitting Standards,,https://www.solarqcgroup.com/solar-incentives/CA/5315/statewide-solar-permitting-standards,,"Jurisdiction-level solar policy or regulatory requirement in California, categorized as Solar/Wind Permitting Standards. Summarizes applicability, key requirements (for example, interconnection, net metering, or permitting standards), and links to supporting documentation.",,,,500.0,amended,,,
,06,CA,state,regulation,,,City of San Francisco - Green Building Code,,https://www.solarqcgroup.com/solar-incentives/CA/3050/city-of-san-francisco-green-building-code,,"Jurisdiction-level solar policy or regulatory requirement in California, categorized as Building Energy Code. Summarizes applicability, key requirements (for example, interconnection, net metering, or permitting standards), and links to supporting documentation.",,,,,amended,,,
,06,CA,state,regulation,,,City of San Diego - Sustainable Building Policy,,https://www.solarqcgroup.com/solar-incentives/CA/204/city-of-san-diego-sustainable-building-policy,,"Jurisdiction-level solar policy or regulatory requirement in California, categorized as Energy Standards for Public Buildings. Summarizes applicability, key requirements (for example, interconnection, net metering, or permitting standards), and links to supporting documentation.",,,,,amended,,,
,06,CA,state,regulation,,,City of Los Angeles - Green Building Retrofit Requirement,,https://www.solarqcgroup.com/solar-incentives/CA/4708/city-of-los-angeles-green-building-retrofit-requirement,,"Jurisdiction-level solar policy or regulatory requirement in California, categorized as Energy Standards for Public Buildings. Summarizes applicability, key requirements (for example, interconnection, net metering, or permitting standards), and links to supporting documentation.",,,,,expired,09/21/2012,,
,06,CA,state,regulation,,,Green Building Action Plan for State Facilities,,https://www.solarqcgroup.com/solar-incentives/CA/1776/green-building-action-plan-for-state-facilities,,"Jurisdiction-level solar policy or regulatory requirement in California, categorized as Energy Standards for Public Buildings. Summarizes applicability, key requirements (for example, interconnection, net metering, or permitting standards), and links to supporting documentation.",,,,,expired,4/25/2012,,
,06,CA,state,regulation,,,City of Berkeley - Green Building Standards for City Owned and Operated Projects,,https://www.solarqcgroup.com/solar-incentives/CA/2440/city-of-berkeley-green-building-standards-for-city-owned-and-operated-projects,,"Jurisdiction-level solar policy or regulatory requirement in California, categorized as Energy Standards for Public Buildings. Summarizes applicability, key requirements (for example, interconnection, net metering, or permitting standards), and links to supporting documentation.",,,,200000.0,amended,11/18/2003,,
,06,CA,state,regulation,,,City of Fresno - Installation of Solar Energy Systems in Construction of New City-owned Buildings,,https://www.solarqcgroup.com/solar-incentives/CA/5900/city-of-fresno-installation-of-solar-energy-systems-in-construction-of-new-city-owned-buildings,,"Jurisdiction-level solar policy or regulatory requirement in California, categorized as Energy Standards for Public Buildings. Summarizes applicability, key requirements (for example, interconnection, net metering, or permitting standards), and links to supporting documentation.",,,,,amended,,,
,06,CA,state,regulation,,,Net Metering / Net Billing,,https://www.solarqcgroup.com/solar-incentives/CA/276/net-metering,,"Jurisdiction-level solar policy or regulatory requirement in California, categorized as Net Metering. Summarizes applicability, key requirements (for example, interconnection, net metering, or permitting standards), and links to supporting documentation.",,,,0.02,expired,9/28/2008,,180
,06,CA,state,regulation,,,LADWP - Net Metering,,https://www.solarqcgroup.com/solar-incentives/CA/4855/ladwp-net-metering,,"Jurisdiction-level solar policy or regulatory requirement in California, categorized as Net Metering. Summarizes applicability, key requirements (for example, interconnection, net metering, or permitting standards), and links to supporting documentation.",,,,,amended,,,
,06,CA,state,regulation,,,Interconnection Standards,,https://www.solarqcgroup.com/solar-incentives/CA/779/interconnection-standards,,"Jurisdiction-level solar policy or regulatory requirement in California, categorized as Interconnection. Summarizes applicability, key requirements (for example, interconnection, net metering, or permitting standards), and links to supporting documentation.",,,,,expired,09/13/2012,,
,06,CA,state,regulation,,,City of San Diego - Development Regulations,,https://www.cleanenergyauthority.com/solar-rebates-and-incentives/california/city-san-diego-development-regulations,,"Jurisdiction-level solar policy or regulatory requirement in California, categorized as Solar/Wind Access Policy. Summarizes applicability, key requirements (for example, interconnection, net metering, or permitting standards), and links to supporting documentation.",,,,,error,,,
,06,CA,state,regulation,,,City of Santa Cruz - Solar Access Ordinance,,https://www.solarqcgroup.com/solar-incentives/CA/1107/city-of-santa-cruz-solar-access-ordinance,,"Jurisdiction-level solar policy or regulatory requirement in California, categorized as Solar/Wind Access Policy. Summarizes applicability, key requirements (for example, interconnection, net metering, or permitting standards), and links to supporting documentation.",,,,,amended,,,
,06,CA,state,regulation,,,California Solar Easement and the Solar Shade Control Act,,https://www.solarqcgroup.com/solar-incentives/CA/294/solar-easement-and-the-solar-shade-control-act,,"Jurisdiction-level solar policy or regulatory requirement in California, categorized as Solar/Wind Access Policy. Summarizes applicability, key requirements (for example, interconnection, net metering, or permitting standards), and links to supporting documentation.",,,,,expired,,,
,06,CA,state,regulation,,,California Solar Rights Act,,https://www.cleanenergyauthority.com/solar-rebates-and-incentives/california/california-solar-rights-act,,"Jurisdiction-level solar policy or regulatory requirement in California, categorized as Solar/Wind Access Policy. Summarizes applicability, key requirements (for example, interconnection, net metering, or permitting standards), and links to supporting documentation.",,,,,error,,,
,06,CA,state,regulation,,,Building Energy Code and Solar Requirement,,https://www.energy.ca.gov/programs-and-topics/programs/building-energy-efficiency-standards,,"Jurisdiction-level solar policy or regulatory requirement in California, categorized as Building Energy Code. Summarizes applicability, key requirements (for example, interconnection, net metering, or permitting standards), and links to supporting documentation.",,,,,expired,,,
,06,CA,state,regulation,,,Enhanced Community Renewables Program,,https://www.cpuc.ca.gov/industries-and-topics/electrical-energy/electric-rates/green-tariff-shared-renewables-program,,"Jurisdiction-level solar policy or regulatory requirement in California, categorized as Community Solar Rules. Summarizes applicability, key requirements (for example, interconnection, net metering, or permitting standards), and links to supporting documentation.",,,,10.0,expired,,,
,06,CA,state,regulation,,,Public Benefits Funds for Renewables and Efficiency,,https://www.solarqcgroup.com/solar-incentives/CA/407/public-benefits-funds-for-renewables-and-efficiency,,"Jurisdiction-level solar policy or regulatory requirement in California, categorized as Public Benefits Fund. Summarizes applicability, key requirements (for example, interconnection, net metering, or permitting standards), and links to supporting documentation.",,,,,expired,,,
,06,CA,state,regulation,,,Solar Contractor Licensing,,https://www.solarqcgroup.com/solar-incentives/CA/379/solar-contractor-licensing,,"Jurisdiction-level solar policy or regulatory requirement in California, categorized as Solar/Wind Contractor Licensing. Summarizes applicability, key requirements (for example, interconnection, net metering, or permitting standards), and links to supporting documentation.",,,,,amended,,,
,06,CA,state,regulation,,,City of Sebastopol - Mandatory Solar Requirement for Residential and Commercial Buildings,,https://www.cleanenergyauthority.com/solar-rebates-and-incentives/california/city-sebastopol-mandatory-solar-requirement-residential-and,,"Jurisdiction-level solar policy or regulatory requirement in California, categorized as Building Energy Code. Summarizes applicability, key requirements (for example, interconnection, net metering, or permitting standards), and links to supporting documentation.",,,,,error,,,
,06,CA,state,regulation,,,City of Lancaster - Mandatory Solar Requirement for New Homes,,https://www.solarqcgroup.com/solar-incentives/CA/5624/city-of-lancaster-mandatory-solar-requirement-for-new-homes,,"Jurisdiction-level solar policy or regulatory requirement in California, categorized as Building Energy Code. Summarizes applicability, key requirements (for example, interconnection, net metering, or permitting standards), and links to supporting documentation.",,,,,amended,,,
,06,CA,state,regulation,,,Homebuyer Solar Option and Solar Offset Program,,https://www.solarqcgroup.com/solar-incentives/CA/4716/homebuyer-solar-option-and-solar-offset-program,,"Jurisdiction-level solar policy or regulatory requirement in California, categorized as Building Energy Code. Summarizes applicability, key requirements (for example, interconnection, net metering, or permitting standards), and links to supporting documentation.",,,,,amended,,,
Alameda,06,CA,unknown,permit,,,Alameda County — Building permits portal,,https://www.acgov.org/cda/building/,,"Official county building department website or permitting portal that provides the authoritative entry point for building and electrical permits. Typically includes application steps, required documents, plan review, inspections, fee information, and links to online permitting systems.",,,,,error,,,
Alpine,06,CA,unknown,permit,,,Alpine County — Building permits portal,,https://www.alpinecountyca.gov/157/Building-Department,,"Official county building department website or permitting portal that provides the authoritative entry point for building and electrical permits. Typically includes application steps, required documents, plan review, inspections, fee information, and links to online permitting systems.",,,,,active,,,360
Amador,06,CA,unknown,permit,,,Amador County — Building permits portal,,https://www.amadorgov.org/departments/building,,"Official county building department website or permitting portal that provides the authoritative entry point for building and electrical permits. Typically includes application steps, required documents, plan review, inspections, fee information, and links to online permitting systems.",,,,,error,,,
Calaveras,06,CA,unknown,permit,,,Calaveras County — Building permits portal,,https://building.calaverasgov.us/,,"Official county building department website or permitting portal that provides the authoritative entry point for building and electrical permits. Typically includes application steps, required documents, plan review, inspections, fee information, and links to online permitting systems.",,,,,active,,,
Colusa,06,CA,unknown,permit,,,Colusa County — Building permits portal,,https://www.countyofcolusa.org/136/Building-Division,,"Official county building department website or permitting portal that provides the authoritative entry point for building and electrical permits. Typically includes application steps, required documents, plan review, inspections, fee information, and links to online permitting systems.",,,,,active,,,
Contra Costa,06,CA,unknown,permit,,,Contra Costa County — Solar permitting page,,https://www.contracosta.ca.gov/4688/Solar-Permits,,"County-maintained solar PV permitting guidance page. Often includes solar checklists, standard plan requirements, expedited processing guidance, common corrections, and links to submit permits online.",,,,,error,,,
Del Norte,06,CA,unknown,permit,,,Del Norte County — Building permits portal,,https://www.co.del-norte.ca.us/departments/CommunityDevelopment/BuildingInspection,,"Official county building department website or permitting portal that provides the authoritative entry point for building and electrical permits. Typically includes application steps, required documents, plan review, inspections, fee information, and links to online permitting systems.",,,,,active,,,
El Dorado,06,CA,unknown,permit,,,El Dorado County — Solar permitting page,,https://www.edcgov.us/Government/building/Pages/solar_permits.aspx,,"County-maintained solar PV permitting guidance page. Often includes solar checklists, standard plan requirements, expedited processing guidance, common corrections, and links to submit permits online.",,,,,error,,,
Fresno,06,CA,unknown,permit,,,Fresno County — Building permits portal,,https://www.fresnocountyca.gov/Departments/Public-Works-and-Planning/Building-and-Safety,,"Official county building department website or permitting portal that provides the authoritative entry point for building and electrical permits. Typically includes application steps, required documents, plan review, inspections, fee information, and links to online permitting systems.",,,,,error,,,
Glenn,06,CA,unknown,permit,,,Glenn County — Building permits portal,,https://www.countyofglenn.net/govt/departments/planning-community-development-services/building-inspection,,"Official county building department website or permitting portal that provides the authoritative entry point for building and electrical permits. Typically includes application steps, required documents, plan review, inspections, fee information, and links to online permitting systems.",,,,,error,,,
Imperial,06,CA,unknown,permit,,,Imperial County — Solar permitting page,,https://www.icpds.com/planning/renewable-energy,,"County-maintained solar PV permitting guidance page. Often includes solar checklists, standard plan requirements, expedited processing guidance, common corrections, and links to submit permits online.",,,,,error,,,
Inyo,06,CA,unknown,permit,,,Inyo County — Building permits portal,,https://www.inyocounty.us/services/building-safety,,"Official county building department website or permitting portal that provides the authoritative entry point for building and electrical permits. Typically includes application steps, required documents, plan review, inspections, fee information, and links to online permitting systems.",,,,,error,,,
Kern,06,CA,unknown,permit,,,Kern County — Building permits portal,,https://kernpublicworks.com/building-and-code/,,"Official county building department website or permitting portal that provides the authoritative entry point for building and electrical permits. Typically includes application steps, required documents, plan review, inspections, fee information, and links to online permitting systems.",,,,,error,,,
Lassen,06,CA,unknown,permit,,,Lassen County — Building permits portal,,https://www.lassencounty.org/dept/planning-and-building-services/building-division,,"Official county building department website or permitting portal that provides the authoritative entry point for building and electrical permits. Typically includes application steps, required documents, plan review, inspections, fee information, and links to online permitting systems.",,,,,error,,,
Los Angeles,06,CA,unknown,permit,,,Los Angeles County — Solar permitting page,,https://pw.lacounty.gov/bsd/content/solar.aspx,,"County-maintained solar PV permitting guidance page. Often includes solar checklists, standard plan requirements, expedited processing guidance, common corrections, and links to submit permits online.",,,,,error,,,
Los Angeles,06,CA,unknown,permit,,,Los Angeles County planning source,,https://planning.lacounty.gov/,,"Official permitting or permitting-adjacent source for Local jurisdiction. Typically includes permit pathways, agency jurisdiction, application guidance, compliance requirements, and supporting permitting references relevant to solar or water-adjacent infrastructure.",,,,,active,,,
Los Angeles,06,CA,unknown,permit,,,Los Angeles County Public Works source,,https://pw.lacounty.gov/,,"Official permitting or permitting-adjacent source for Local jurisdiction. Typically includes permit pathways, agency jurisdiction, application guidance, compliance requirements, and supporting permitting references relevant to solar or water-adjacent infrastructure.",,,,,active,,,
Los Angeles,06,CA,county,regulation,,,Los Angeles County - Green Building Program,,https://www.solarqcgroup.com/solar-incentives/CA/4871/los-angeles-county-green-building-program,,"Jurisdiction-level solar policy or regulatory requirement in California, categorized as Building Energy Code. Summarizes applicability, key requirements (for example, interconnection, net metering, or permitting standards), and links to supporting documentation.",,,,,pending,,,
Madera,06,CA,unknown,permit,,,Madera County — Building permits portal,,https://www.maderacounty.com/government/community-development-department/building-division,,"Official county building department website or permitting portal that provides the authoritative entry point for building and electrical permits. Typically includes application steps, required documents, plan review, inspections, fee information, and links to online permitting systems.",,,,,error,,,
Marin,06,CA,unknown,permit,,,Marin County — Building permits portal,,https://www.marincounty.org/depts/cd/divisions/building-and-safety,,"Official county building department website or permitting portal that provides the authoritative entry point for building and electrical permits. Typically includes application steps, required documents, plan review, inspections, fee information, and links to online permitting systems.",,,,,error,,,
Mariposa,06,CA,unknown,permit,,,Mariposa County — Building permits portal,,https://www.mariposacounty.org/53/Building,,"Official county building department website or permitting portal that provides the authoritative entry point for building and electrical permits. Typically includes application steps, required documents, plan review, inspections, fee information, and links to online permitting systems.",,,,,error,,,
Mendocino,06,CA,unknown,permit,,,Mendocino County — Building permits portal,,https://www.mendocinocounty.gov/departments/planning-building-services/building,,"Official county building department website or permitting portal that provides the authoritative entry point for building and electrical permits. Typically includes application steps, required documents, plan review, inspections, fee information, and links to online permitting systems.",,,,,error,,,
Merced,06,CA,unknown,permit,,,Merced County — Building permits portal,,https://www.countyofmerced.com/60/Building-Safety-Division,,"Official county building department website or permitting portal that provides the authoritative entry point for building and electrical permits. Typically includes application steps, required documents, plan review, inspections, fee information, and links to online permitting systems.",,,,,active,,,
Modoc,06,CA,unknown,permit,,,Modoc County — Building permits portal,,https://www.co.modoc.ca.us/departments/building_and_safety/index.php,,"Official county building department website or permitting portal that provides the authoritative entry point for building and electrical permits. Typically includes application steps, required documents, plan review, inspections, fee information, and links to online permitting systems.",,,,,pending,,,
Mono,06,CA,unknown,permit,,,Mono County — Building permits portal,,https://monocounty.ca.gov/building,,"Official county building department website or permitting portal that provides the authoritative entry point for building and electrical permits. Typically includes application steps, required documents, plan review, inspections, fee information, and links to online permitting systems.",,,,75000.0,expired,,,
Monterey,06,CA,unknown,permit,,,Monterey County — Building permits portal,,https://www.co.monterey.ca.us/government/departments-i-z/housing-community-development/building-services,,"Official county building department website or permitting portal that provides the authoritative entry point for building and electrical permits. Typically includes application steps, required documents, plan review, inspections, fee information, and links to online permitting systems.",,,,,error,,,
Napa,06,CA,unknown,permit,,,Napa County — Building permits portal,,https://www.countyofnapa.org/1271/Building-Division,,"Official county building department website or permitting portal that provides the authoritative entry point for building and electrical permits. Typically includes application steps, required documents, plan review, inspections, fee information, and links to online permitting systems.",,,,,active,,,
Placer,06,CA,unknown,permit,,,Placer County — Solar permitting page,,https://www.placer.ca.gov/2443/Solar-Permits,,"County-maintained solar PV permitting guidance page. Often includes solar checklists, standard plan requirements, expedited processing guidance, common corrections, and links to submit permits online.",,,,,active,,,
Plumas,06,CA,unknown,permit,,,Plumas County — Building permits portal,,https://www.plumascounty.us/2703/Building-Services,,"Official county building department website or permitting portal that provides the authoritative entry point for building and electrical permits. Typically includes application steps, required documents, plan review, inspections, fee information, and links to online permitting systems.",,,,,pending,,,
Riverside,06,CA,unknown,permit,,,Riverside County — Solar permitting page,,https://rctlma.org/Building-Safety/Solar-Permitting,,"County-maintained solar PV permitting guidance page. Often includes solar checklists, standard plan requirements, expedited processing guidance, common corrections, and links to submit permits online.",,,,,error,,,
Sacramento,06,CA,unknown,permit,,,Sacramento County — Solar permitting page,,https://building.saccounty.gov/Pages/Solar-Permits.aspx,,"County-maintained solar PV permitting guidance page. Often includes solar checklists, standard plan requirements, expedited processing guidance, common corrections, and links to submit permits online.",,,,,pending,"January 1, 2026",,
San Benito,06,CA,unknown,permit,,,San Benito County — Building permits portal,,https://www.cosb.us/departments/resource-management-agency/building,,"Official county building department website or permitting portal that provides the authoritative entry point for building and electrical permits. Typically includes application steps, required documents, plan review, inspections, fee information, and links to online permitting systems.",,,,,error,,,
San Bernardino,06,CA,unknown,permit,,,San Bernardino County — Solar permitting page,,https://lus.sbcounty.gov/building-safety-home/solar-permitting/,,"County-maintained solar PV permitting guidance page. Often includes solar checklists, standard plan requirements, expedited processing guidance, common corrections, and links to submit permits online.",,,,,error,,,
San Bernardino,06,CA,county,regulation,,,San Bernardino County - Solar Energy Development Standards,,https://www.solarqcgroup.com/solar-incentives/CA/5905/san-bernardino-county-solar-energy-development-standards,,"Jurisdiction-level solar policy or regulatory requirement in California, categorized as Solar/Wind Permitting Standards. Summarizes applicability, key requirements (for example, interconnection, net metering, or permitting standards), and links to supporting documentation.",,,,3.0,pending,,,
San Diego,06,CA,county,incentive,,,San Diego County - Green Building Program,,https://www.sandiegocounty.gov/content/sdc/pds/greenbuildings.html,,"Program-level record for a solar incentive available in California, categorized as Green Building Incentive. Typically includes the program name, administrator, eligibility rules, incentive structure or value, application steps, and deadlines.",,,,,expired,,,720
San Diego,06,CA,unknown,permit,,,San Diego County — Solar permitting page,,https://www.sandiegocounty.gov/content/sdc/pds/bldg/Solar.html,,"County-maintained solar PV permitting guidance page. Often includes solar checklists, standard plan requirements, expedited processing guidance, common corrections, and links to submit permits online.",,,,,error,,,
San Diego,06,CA,county,regulation,,,San Diego County - Design Standards for County Facilities,,https://www.solarqcgroup.com/solar-incentives/CA/4923/san-diego-county-design-standards-for-county-facilities,,"Jurisdiction-level solar policy or regulatory requirement in California, categorized as Energy Standards for Public Buildings. Summarizes applicability, key requirements (for example, interconnection, net metering, or permitting standards), and links to supporting documentation.",,,,,amended,,,
San Diego,06,CA,county,regulation,,,San Diego County - Solar Zoning Regulations,,https://www.solarqcgroup.com/solar-incentives/CA/1109/san-diego-county-solar-zoning-regulations,,"Jurisdiction-level solar policy or regulatory requirement in California, categorized as Solar/Wind Permitting Standards. Summarizes applicability, key requirements (for example, interconnection, net metering, or permitting standards), and links to supporting documentation.",,,,,amended,,,
San Francisco,06,CA,unknown,permit,,,San Francisco County — Building permits portal,,https://sf.gov/departments/department-building-inspection,,"Official county building department website or permitting portal that provides the authoritative entry point for building and electrical permits. Typically includes application steps, required documents, plan review, inspections, fee information, and links to online permitting systems.",,,,1.0,pending,,,
San Joaquin,06,CA,unknown,permit,,,San Joaquin County — Solar permitting page,,https://www.sjgov.org/community_development/building/permits/solar,,"County-maintained solar PV permitting guidance page. Often includes solar checklists, standard plan requirements, expedited processing guidance, common corrections, and links to submit permits online.",,,,,error,,,
San Luis Obispo,06,CA,unknown,permit,,,San Luis Obispo County — Building permits portal,,https://www.slocounty.ca.gov/Departments/Planning-Building/Building.aspx,,"Official county building department website or permitting portal that provides the authoritative entry point for building and electrical permits. Typically includes application steps, required documents, plan review, inspections, fee information, and links to online permitting systems.",,,,,error,,,
San Mateo,06,CA,unknown,permit,,,San Mateo County — Solar permitting page,,https://www.smcgov.org/planning/solar-permits,,"County-maintained solar PV permitting guidance page. Often includes solar checklists, standard plan requirements, expedited processing guidance, common corrections, and links to submit permits online.",,,,,error,,,
Santa Barbara,06,CA,unknown,permit,,,Santa Barbara County — Building permits portal,,https://www.countyofsb.org/168/Building-Safety,,"Official county building department website or permitting portal that provides the authoritative entry point for building and electrical permits. Typically includes application steps, required documents, plan review, inspections, fee information, and links to online permitting systems.",,,,,active,,,
Santa Clara,06,CA,unknown,permit,,,Santa Clara County — Building permits portal,,https://www.sccgov.org/sites/dpd/Development/Building,,"Official county building department website or permitting portal that provides the authoritative entry point for building and electrical permits. Typically includes application steps, required documents, plan review, inspections, fee information, and links to online permitting systems.",,,,,error,,,
Santa Clara,06,CA,unknown,permit,,,Santa Clara County planning source,,https://planning.sccgov.org/,,"Official permitting or permitting-adjacent source for Local jurisdiction. Typically includes permit pathways, agency jurisdiction, application guidance, compliance requirements, and supporting permitting references relevant to solar or water-adjacent infrastructure.",,,,,error,,,
Santa Clara,06,CA,unknown,permit,,,Santa Clara County Roads and Airports source,,https://roads.sccgov.org/,,"Official permitting or permitting-adjacent source for Local jurisdiction. Typically includes permit pathways, agency jurisdiction, application guidance, compliance requirements, and supporting permitting references relevant to solar or water-adjacent infrastructure.",,,,,error,,,
Santa Clara,06,CA,county,regulation,,,Santa Clara County - Green Building Policy for County Government Buildings,,https://www.solarqcgroup.com/solar-incentives/CA/4981/santa-clara-county-green-building-policy-for-county-government-buildings,,"Jurisdiction-level solar policy or regulatory requirement in California, categorized as Energy Standards for Public Buildings. Summarizes applicability, key requirements (for example, interconnection, net metering, or permitting standards), and links to supporting documentation.",,,,,expired,02/22/2006,,
Santa Clara,06,CA,county,regulation,,,Santa Clara County - Zoning Ordinance,,https://www.solarqcgroup.com/solar-incentives/CA/4973/santa-clara-county-zoning-ordinance,,"Jurisdiction-level solar policy or regulatory requirement in California, categorized as Solar/Wind Permitting Standards. Summarizes applicability, key requirements (for example, interconnection, net metering, or permitting standards), and links to supporting documentation.",,,,,amended,,,
Shasta,06,CA,unknown,permit,,,Shasta County — Solar permitting page,,https://www.shastacounty.gov/building/page/solar-pv-permits,,"County-maintained solar PV permitting guidance page. Often includes solar checklists, standard plan requirements, expedited processing guidance, common corrections, and links to submit permits online.",,,,,error,,,
Siskiyou,06,CA,unknown,permit,,,Siskiyou County — Building permits portal,,https://www.co.siskiyou.ca.us/building,,"Official county building department website or permitting portal that provides the authoritative entry point for building and electrical permits. Typically includes application steps, required documents, plan review, inspections, fee information, and links to online permitting systems.",,,,,active,,,70
Solano,06,CA,unknown,permit,,,Solano County — Building permits portal,,https://www.solanocounty.com/depts/rm/building/,,"Official county building department website or permitting portal that provides the authoritative entry point for building and electrical permits. Typically includes application steps, required documents, plan review, inspections, fee information, and links to online permitting systems.",,,,,error,,,
Sonoma,06,CA,county,incentive,,,Sonoma County Energy Independence Program (SCEIP),,https://sonomacountyenergy.org/financing,,"Program-level record for a solar incentive available in California, categorized as PACE Financing. Typically includes the program name, administrator, eligibility rules, incentive structure or value, application steps, and deadlines.",,,,,error,,,
Sonoma,06,CA,unknown,permit,,,Sonoma County — Solar permitting page,,https://permitsonoma.org/Divisions/Engineering-and-Construction/Building/Solar-Permits,,"County-maintained solar PV permitting guidance page. Often includes solar checklists, standard plan requirements, expedited processing guidance, common corrections, and links to submit permits online.",,,,,error,,,
Stanislaus,06,CA,unknown,permit,,,Stanislaus County — Building permits portal,,https://www.stancounty.com/planning/building/,,"Official county building department website or permitting portal that provides the authoritative entry point for building and electrical permits. Typically includes application steps, required documents, plan review, inspections, fee information, and links to online permitting systems.",,,,,error,,,
Sutter,06,CA,unknown,permit,,,Sutter County — Building permits portal,,https://www.suttercounty.org/government/county-departments/development-services/building-services,,"Official county building department website or permitting portal that provides the authoritative entry point for building and electrical permits. Typically includes application steps, required documents, plan review, inspections, fee information, and links to online permitting systems.",,,,,pending,,,
Tehama,06,CA,unknown,permit,,,Tehama County — Building permits portal,,https://www.co.tehama.ca.us/government/departments/building-safety/,,"Official county building department website or permitting portal that provides the authoritative entry point for building and electrical permits. Typically includes application steps, required documents, plan review, inspections, fee information, and links to online permitting systems.",,,,,error,,,
Tulare,06,CA,unknown,permit,,,Tulare County — Building permits portal,,https://tularecounty.ca.gov/rma/index.cfm/planning-building/building-services-division/,,"Official county building department website or permitting portal that provides the authoritative entry point for building and electrical permits. Typically includes application steps, required documents, plan review, inspections, fee information, and links to online permitting systems.",,,,,error,,,
Tuolumne,06,CA,unknown,permit,,,Tuolumne County — Building permits portal,,https://www.tuolumnecounty.ca.gov/167/Building-Safety-Division,,"Official county building department website or permitting portal that provides the authoritative entry point for building and electrical permits. Typically includes application steps, required documents, plan review, inspections, fee information, and links to online permitting systems.",,,,,error,,,
Ventura,06,CA,unknown,permit,,,Ventura County — Solar permitting page,,https://vcrma.org/en/residential-solar,,"County-maintained solar PV permitting guidance page. Often includes solar checklists, standard plan requirements, expedited processing guidance, common corrections, and links to submit permits online.",,,,,error,,,
Yolo,06,CA,unknown,permit,,,Yolo County — Building permits portal,,https://www.yolocounty.org/government/general-government-departments/community-services/building-inspection,,"Official county building department website or permitting portal that provides the authoritative entry point for building and electrical permits. Typically includes application steps, required documents, plan review, inspections, fee information, and links to online permitting systems.",,,,,error,,,
Yuba,06,CA,unknown,permit,,,Yuba County — Building permits portal,,https://www.yuba.org/departments/community_development/building_department/index.php,,"Official county building department website or permitting portal that provides the authoritative entry point for building and electrical permits. Typically includes application steps, required documents, plan review, inspections, fee information, and links to online permitting systems.",,,,,active,,,
,08,CO,state,incentive,,,Xcel Energy - Residential Energy Efficiency Financing,,https://programs.dsireusa.org/system/program/CO,,"Program-level record for a solar incentive available in Colorado, categorized as Loan Program. Typically includes the program name, administrator, eligibility rules, incentive structure or value, application steps, and deadlines.",,,,,expired,,,
,08,CO,state,incentive,,,Local Option - Sales and Use Tax Exemption for Renewable Energy Systems,,https://tax.colorado.gov/sites/tax/files/documents/SUTT_Renewable_Energy_Components_Sep_2021.pdf,,"Program-level record for a solar incentive available in Colorado, categorized as Sales Tax Incentive. Typically includes the program name, administrator, eligibility rules, incentive structure or value, application steps, and deadlines.",,,,1.0,active,,,
,08,CO,state,incentive,,,Sales and Use Tax Exemption for Renewable Energy Equipment,,https://tax.colorado.gov/sites/tax/files/documents/SUTT_Renewable_Energy_Components_Sep_2021.pdf,,"Program-level record for a solar incentive available in Colorado, categorized as Sales Tax Incentive. Typically includes the program name, administrator, eligibility rules, incentive structure or value, application steps, and deadlines.",,,,1.0,active,,,
,08,CO,state,incentive,,,Xcel Energy - Solar*Rewards Program,,https://co.my.xcelenergy.com/s/renewable/solar-rewards,,"Program-level record for a solar incentive available in Colorado, categorized as Performance-Based Incentive. Typically includes the program name, administrator, eligibility rules, incentive structure or value, application steps, and deadlines.",,,,,active,,,
,08,CO,state,incentive,,,C-PACE: Colorado Commercial Property Assessed Clean Energy,,https://coloradocpace.com/,,"Program-level record for a solar incentive available in Colorado, categorized as PACE Financing. Typically includes the program name, administrator, eligibility rules, incentive structure or value, application steps, and deadlines.",,,,,active,,,
,08,CO,state,incentive,,,Local Option - Property Tax Exemption for Renewable Energy Systems,,https://rebates.energy/tax-incentives/co/co49f-local-option-property-tax-exemption-for-renewable-energy-systems/,,"Program-level record for a solar incentive available in Colorado, categorized as Property Tax Incentive. Typically includes the program name, administrator, eligibility rules, incentive structure or value, application steps, and deadlines.",,,,,error,,,
,08,CO,state,incentive,,,City of Boulder - Solar Sales and Use Tax Rebate,,https://tax.colorado.gov/sites/tax/files/documents/SUTT_Renewable_Energy_Components_Sep_2021.pdf,,"Program-level record for a solar incentive available in Colorado, categorized as Sales Tax Incentive. Typically includes the program name, administrator, eligibility rules, incentive structure or value, application steps, and deadlines.",,,,1.0,active,,,
,08,CO,state,incentive,,,Xcel Energy - Solar Rewards Program,,https://co.my.xcelenergy.com/s/renewable/solar-rewards,,"Program-level record for a solar incentive available in Colorado, categorized as Performance-Based Incentive. Typically includes the program name, administrator, eligibility rules, incentive structure or value, application steps, and deadlines.",,,,,active,,,
,08,CO,state,incentive,,,San Miguel Power Association - Renewable Energy Rebate Program,,https://www.smpa.com/rebates/,,"Program-level record for a solar incentive available in Colorado, categorized as Rebate Program. Typically includes the program name, administrator, eligibility rules, incentive structure or value, application steps, and deadlines.",,,,,error,,,
,08,CO,state,incentive,,,Colorado Springs Utilities - Commercial Energy Efficiency Rebate Program,,https://www.csu.org/Pages/BusinessRebates.aspx,,"Program-level record for a solar incentive available in Colorado, categorized as Rebate Program. Typically includes the program name, administrator, eligibility rules, incentive structure or value, application steps, and deadlines.",,,,900.0,active,,,
,08,CO,state,incentive,,,Fort Collins Utilities - Home Efficiency Loan Program,,https://www.fcgov.com/utilities/residential/conserve/home-efficiency,,"Program-level record for a solar incentive available in Colorado, categorized as Loan Program. Typically includes the program name, administrator, eligibility rules, incentive structure or value, application steps, and deadlines.",,,,,error,,,
,08,CO,state,incentive,,,Renewable Energy Property Tax Assessment,,https://programs.dsireusa.org/system/program/CO,,"Program-level record for a solar incentive available in Colorado, categorized as Property Tax Incentive. Typically includes the program name, administrator, eligibility rules, incentive structure or value, application steps, and deadlines.",,,,,expired,,,
,08,CO,state,incentive,,,Property Tax Exemption for Residential Renewable Energy Equipment,,https://programs.dsireusa.org/system/program/CO,,"Program-level record for a solar incentive available in Colorado, categorized as Property Tax Incentive. Typically includes the program name, administrator, eligibility rules, incentive structure or value, application steps, and deadlines.",,,,,expired,,,
,08,CO,state,incentive,,,Roaring Fork Valley - Energy Smart Colorado Energy Efficiency Rebate Program,,https://energysmartcolorado.com/rebates/,,"Program-level record for a solar incentive available in Colorado, categorized as Rebate Program. Typically includes the program name, administrator, eligibility rules, incentive structure or value, application steps, and deadlines.",,,,,error,,,
,08,CO,state,incentive,,,Roaring Fork Valley - Energy Smart Colorado Renewable Energy Rebate Program,,https://energysmartcolorado.com/rebates/,,"Program-level record for a solar incentive available in Colorado, categorized as Rebate Program. Typically includes the program name, administrator, eligibility rules, incentive structure or value, application steps, and deadlines.",,,,,error,,,
,08,CO,state,incentive,,,City of Aspen - Rebate Program,,https://www.aspen.gov/149/Rebates,,"Program-level record for a solar incentive available in Colorado, categorized as Rebate Program. Typically includes the program name, administrator, eligibility rules, incentive structure or value, application steps, and deadlines.",,,,,error,,,
,08,CO,state,incentive,,,Residential Energy Upgrade (RENU) Loan Program,,https://www.renu.org/,,"Program-level record for a solar incentive available in Colorado, categorized as Loan Program. Typically includes the program name, administrator, eligibility rules, incentive structure or value, application steps, and deadlines.",,,,,active,,,
,08,CO,state,incentive,,,Colorado Residential Energy Upgrade (RENU) Loan program,,https://www.renu.org/,,"Program-level record for a solar incentive available in Colorado, categorized as Loan Program. Typically includes the program name, administrator, eligibility rules, incentive structure or value, application steps, and deadlines.",,,,,active,,,
,08,CO,state,incentive,,,City of Boulder - Solar Grant Program,,https://bouldercolorado.gov/services/climate-action-rebates-and-incentives,,"Program-level record for a solar incentive available in Colorado, categorized as Grant Program. Typically includes the program name, administrator, eligibility rules, incentive structure or value, application steps, and deadlines.",,,,,error,,,
,08,CO,state,incentive,,,Green Colorado Credit Reserve,,https://greencoloradocreditreserve.com/,,"Program-level record for a solar incentive available in Colorado, categorized as Loan Program. Typically includes the program name, administrator, eligibility rules, incentive structure or value, application steps, and deadlines.",,,,,error,,,
,08,CO,state,incentive,,,Holy Cross Energy - Renewable Energy Rebate Program,,https://www.holycross.com/rebates,,"Program-level record for a solar incentive available in Colorado, categorized as Rebate Program. Typically includes the program name, administrator, eligibility rules, incentive structure or value, application steps, and deadlines.",,,,,active,,,
,08,CO,state,incentive,,,Black Hills Energy - Solar Power Program,,https://www.blackhillsenergy.com/renewable-energy/solar-power-program,,"Program-level record for a solar incentive available in Colorado, categorized as Performance-Based Incentive. Typically includes the program name, administrator, eligibility rules, incentive structure or value, application steps, and deadlines.",,,,,error,,,
,08,CO,state,incentive,,,City and County of Denver - Elevations Energy Loans,,https://programs.dsireusa.org/system/program/CO,,"Program-level record for a solar incentive available in Colorado, categorized as Loan Program. Typically includes the program name, administrator, eligibility rules, incentive structure or value, application steps, and deadlines.",,,,,expired,,,
,08,CO,state,incentive,,,State incentives overview - CO,,https://programs.dsireusa.org/system/program/CO,,"Program-level record for a solar incentive available in Colorado. Typically includes the program name, administrator, eligibility rules, incentive structure or value, application steps, and deadlines.",,,,,expired,,,
,08,CO,state,regulation,,,Solar Construction Permitting Standards,,https://www.solarqcgroup.com/solar-incentives/CO/2951/solar-construction-permitting-standards,,"Jurisdiction-level solar policy or regulatory requirement in Colorado, categorized as Solar/Wind Permitting Standards. Summarizes applicability, key requirements (for example, interconnection, net metering, or permitting standards), and links to supporting documentation.",,,,500.0,expired,,,
,08,CO,state,regulation,,,Net Metering,,https://www.solarqcgroup.com/solar-incentives/CO/271/net-metering,,"Jurisdiction-level solar policy or regulatory requirement in Colorado, categorized as Net Metering. Summarizes applicability, key requirements (for example, interconnection, net metering, or permitting standards), and links to supporting documentation.",,,,,amended,12/15/2005,,
,08,CO,state,regulation,,,Fort Collins - Green Building Requirement for City-Owned Buildings,,https://www.solarqcgroup.com/solar-incentives/CO/2811/fort-collins-green-building-requirement-for-city-owned-buildings,,"Jurisdiction-level solar policy or regulatory requirement in Colorado, categorized as Energy Standards for Public Buildings. Summarizes applicability, key requirements (for example, interconnection, net metering, or permitting standards), and links to supporting documentation.",,,,,amended,9/5/2006,,
,08,CO,state,regulation,,,City of Denver - Green Building Requirement for City-Owned Buildings,,https://www.solarqcgroup.com/solar-incentives/CO/2912/city-of-denver-green-building-requirement-for-city-owned-buildings,,"Jurisdiction-level solar policy or regulatory requirement in Colorado, categorized as Energy Standards for Public Buildings. Summarizes applicability, key requirements (for example, interconnection, net metering, or permitting standards), and links to supporting documentation.",,,,,amended,10/24/2007,,
,08,CO,state,regulation,,,Greening of State Government,,https://www.solarqcgroup.com/solar-incentives/CO/1703/greening-of-state-government,,"Jurisdiction-level solar policy or regulatory requirement in Colorado, categorized as Energy Standards for Public Buildings. Summarizes applicability, key requirements (for example, interconnection, net metering, or permitting standards), and links to supporting documentation.",,,,447000000.0,amended,7/15/2005,,
,08,CO,state,regulation,,,City and County of Denver - Solar Panel Permitting,,https://www.solarqcgroup.com/solar-incentives/CO/5348/city-and-county-of-denver-solar-panel-permitting,,"Jurisdiction-level solar policy or regulatory requirement in Colorado, categorized as Solar/Wind Permitting Standards. Summarizes applicability, key requirements (for example, interconnection, net metering, or permitting standards), and links to supporting documentation.",,,,50.0,pending,,,
,08,CO,state,regulation,,,Interconnection Standards,,https://www.solarqcgroup.com/solar-incentives/CO/1266/interconnection-standards,,"Jurisdiction-level solar policy or regulatory requirement in Colorado, categorized as Interconnection. Summarizes applicability, key requirements (for example, interconnection, net metering, or permitting standards), and links to supporting documentation.",,,,300000.0,pending,12/15/2005,,
,08,CO,state,regulation,,,Renewable Energy Standard,,https://www.solarqcgroup.com/solar-incentives/CO/133/renewable-energy-standard,,"Jurisdiction-level solar policy or regulatory requirement in Colorado, categorized as Renewables Portfolio Standard. Summarizes applicability, key requirements (for example, interconnection, net metering, or permitting standards), and links to supporting documentation.",,,,,expired,11/02/2004,,
,08,CO,state,regulation,,,Colorado Solar/Wind Easements and Rights Law,,https://www.solarqcgroup.com/solar-incentives/CO/259/solar-wind-and-energy-efficiency-easements-and-rights-laws,,"Jurisdiction-level solar policy or regulatory requirement in Colorado, categorized as Solar/Wind Access Policy. Summarizes applicability, key requirements (for example, interconnection, net metering, or permitting standards), and links to supporting documentation.",,,,,expired,05/29/2012,,
,08,CO,state,regulation,,,City of Boulder - Solar Access Ordinance,,https://www.solarqcgroup.com/solar-incentives/CO/438/city-of-boulder-solar-access-ordinance,,"Jurisdiction-level solar policy or regulatory requirement in Colorado, categorized as Solar/Wind Access Policy. Summarizes applicability, key requirements (for example, interconnection, net metering, or permitting standards), and links to supporting documentation.",,,,,expired,,,
,08,CO,state,regulation,,,Building Energy Code,,https://www.solarqcgroup.com/solar-incentives/CO/1881/building-energy-code,,"Jurisdiction-level solar policy or regulatory requirement in Colorado, categorized as Building Energy Code. Summarizes applicability, key requirements (for example, interconnection, net metering, or permitting standards), and links to supporting documentation.",,,,,expired,,,
,08,CO,state,regulation,,,City of Boulder - Green Points Building Program,,https://www.solarqcgroup.com/solar-incentives/CO/380/city-of-boulder-green-points-building-program,,"Jurisdiction-level solar policy or regulatory requirement in Colorado, categorized as Building Energy Code. Summarizes applicability, key requirements (for example, interconnection, net metering, or permitting standards), and links to supporting documentation.",,,,,pending,,,
,08,CO,state,regulation,,,Mandatory Green Power Option for Large Municipal Utilities,,https://www.solarqcgroup.com/solar-incentives/CO/2480/mandatory-green-power-option-for-large-municipal-utilities,,"Jurisdiction-level solar policy or regulatory requirement in Colorado, categorized as Mandatory Utility Green Power Option. Summarizes applicability, key requirements (for example, interconnection, net metering, or permitting standards), and links to supporting documentation.",,,,,amended,3/27/2007,,
,08,CO,state,regulation,,,Mandatory Photovoltaic System Cost Estimate,,https://www.solarqcgroup.com/solar-incentives/CO/260/mandatory-photovoltaic-system-cost-estimate,,"Jurisdiction-level solar policy or regulatory requirement in Colorado, categorized as Line Extension Analysis. Summarizes applicability, key requirements (for example, interconnection, net metering, or permitting standards), and links to supporting documentation.",,,,,pending,,,
Boulder,08,CO,county,incentive,,,Boulder County - EnergySmart Residential Energy Efficiency Rebate Program,,https://bouldercounty.gov/climate/energy-smart/,,"Program-level record for a solar incentive available in Colorado, categorized as Rebate Program. Typically includes the program name, administrator, eligibility rules, incentive structure or value, application steps, and deadlines.",,,,12.0,active,,,
Boulder,08,CO,county,incentive,,,Boulder County - Elevations Energy Loans,,https://bouldercounty.gov/climate/energy-smart/financing/,,"Program-level record for a solar incentive available in Colorado, categorized as Loan Program. Typically includes the program name, administrator, eligibility rules, incentive structure or value, application steps, and deadlines.",,,,,error,,,
Boulder,08,CO,county,incentive,,,Boulder County - Partners for a Clean Environment (PACE) rebates,,https://pacepartners.com/,,"Program-level record for a solar incentive available in Colorado, categorized as Rebate Program. Typically includes the program name, administrator, eligibility rules, incentive structure or value, application steps, and deadlines.",,,,50000.0,active,,,
Pitkin,08,CO,county,regulation,,,City of Aspen and Pitkin County - Renewable Energy Mitigation Program,,https://www.solarqcgroup.com/solar-incentives/CO/423/city-of-aspen-and-pitkin-county-renewable-energy-mitigation-program,,"Jurisdiction-level solar policy or regulatory requirement in Colorado, categorized as Building Energy Code. Summarizes applicability, key requirements (for example, interconnection, net metering, or permitting standards), and links to supporting documentation.",,,,12.0,expired,,,
,09,CT,state,incentive,,,Local Option - Commercial PACE Financing,,https://programs.dsireusa.org/system/program/CT,,"Program-level record for a solar incentive available in Connecticut, categorized as PACE Financing. Typically includes the program name, administrator, eligibility rules, incentive structure or value, application steps, and deadlines.",,,,,active,,,
,09,CT,state,incentive,,,Sales and Use Tax Exemption for Solar and Geothermal Systems,,https://programs.dsireusa.org/system/program/CT,,"Program-level record for a solar incentive available in Connecticut, categorized as Sales Tax Incentive. Typically includes the program name, administrator, eligibility rules, incentive structure or value, application steps, and deadlines.",,,,,active,,,
,09,CT,state,incentive,,,Local Option - Property Tax Exemption for Renewable Energy Systems,,https://programs.dsireusa.org/system/program/CT,,"Program-level record for a solar incentive available in Connecticut, categorized as Property Tax Incentive. Typically includes the program name, administrator, eligibility rules, incentive structure or value, application steps, and deadlines.",,,,,active,,,
,09,CT,state,incentive,,,Multifamily Navigator Pre-Development Energy Loan Program,,https://www.ctgreenbank.com/programs/multifamily/multifamily-navigator/,,"Program-level record for a solar incentive available in Connecticut, categorized as Loan Program. Typically includes the program name, administrator, eligibility rules, incentive structure or value, application steps, and deadlines.",,,,,error,,,
,09,CT,state,incentive,,,Low-Income Multifamily Energy Loan Program,,https://www.ctgreenbank.com/programs/multifamily/,,"Program-level record for a solar incentive available in Connecticut, categorized as Loan Program. Typically includes the program name, administrator, eligibility rules, incentive structure or value, application steps, and deadlines.",,,,2.0,active,,,
,09,CT,state,incentive,,,Local Option - Residential Sustainable Energy Program,,https://programs.dsireusa.org/system/program/CT,,"Program-level record for a solar incentive available in Connecticut, categorized as PACE Financing. Typically includes the program name, administrator, eligibility rules, incentive structure or value, application steps, and deadlines.",,,,,active,,,
,09,CT,state,incentive,,,Property Tax Exemption for Renewable Energy Systems,,https://programs.dsireusa.org/system/program/CT,,"Program-level record for a solar incentive available in Connecticut, categorized as Property Tax Incentive. Typically includes the program name, administrator, eligibility rules, incentive structure or value, application steps, and deadlines.",,,,,active,,,
,09,CT,state,incentive,,,Sales and Use Taxes for Items Used in Renewable Energy Industries,,https://programs.dsireusa.org/system/program/CT,,"Program-level record for a solar incentive available in Connecticut, categorized as Industry Recruitment/Support. Typically includes the program name, administrator, eligibility rules, incentive structure or value, application steps, and deadlines.",,,,,active,,,
,09,CT,state,incentive,,,Connecticut Green Energy Building Solutions,,https://programs.dsireusa.org/system/program/CT,,"Program-level record for a solar incentive available in Connecticut, categorized as Green Building Incentive. Typically includes the program name, administrator, eligibility rules, incentive structure or value, application steps, and deadlines.",,,,,active,,,
,09,CT,state,incentive,,,Smart-E loans,,https://www.ctgreenbank.com/programs/smart-e-loans/,,"Program-level record for a solar incentive available in Connecticut, categorized as Loan Program. Typically includes the program name, administrator, eligibility rules, incentive structure or value, application steps, and deadlines.",,,,50000.0,active,,,
,09,CT,state,incentive,,,The United Illuminating Company - ZREC and LREC Long Term Contracts,,https://www.uinet.com/wps/portal/uinet/saveenergy/rebates,,"Program-level record for a solar incentive available in Connecticut, categorized as Solar Renewable Energy Credit Program. Typically includes the program name, administrator, eligibility rules, incentive structure or value, application steps, and deadlines.",,,,,error,,,
,09,CT,state,incentive,,,State incentives overview - CT,,https://programs.dsireusa.org/system/program/CT,,"Program-level record for a solar incentive available in Connecticut. Typically includes the program name, administrator, eligibility rules, incentive structure or value, application steps, and deadlines.",,,,,active,,,
,09,CT,state,incentive,,,Eversource renewable energy solutions,,https://www.eversource.com/content/ct-c/residential/save-money-energy/clean-energy-options/renewable-energy-solutions,,"Official state or utility program source for solar incentive information in Connecticut. Typically includes program summaries, eligibility criteria, incentive structure, application instructions, and administrator guidance.",,,,,expired,,,
,09,CT,state,regulation,,,Energy Efficiency Requirements for State Government,,https://www.solarqcgroup.com/solar-incentives/CT/4961/energy-efficiency-requirements-state-government,,"Jurisdiction-level solar policy or regulatory requirement in Connecticut, categorized as Energy Standards for Public Buildings. Summarizes applicability, key requirements (for example, interconnection, net metering, or permitting standards), and links to supporting documentation.",,,,,amended,,,
,09,CT,state,regulation,,,Non-Residential Renewable Energy Solutions,,https://programs.dsireusa.org/system/program/detail/22451/non-residential-renewable-energy-solutions,,"Jurisdiction-level solar policy or regulatory requirement in Connecticut, categorized as Net Metering. Summarizes applicability, key requirements (for example, interconnection, net metering, or permitting standards), and links to supporting documentation.",,,,,expired,,,
,09,CT,state,regulation,,,Residential Renewable Energy Solutions,,https://portal.ct.gov/pura/electric/office-of-technical-and-regulatory-analysis/clean-energy-programs/residential-renewable-energy-solutions-program,,"Jurisdiction-level solar policy or regulatory requirement in Connecticut, categorized as Net Metering. Summarizes applicability, key requirements (for example, interconnection, net metering, or permitting standards), and links to supporting documentation.",,,,,amended,"April 1, 2024",,
,09,CT,state,regulation,,,Local Option - Building Permit Fee Waivers for Renewable Energy Projects,,https://www.solarqcgroup.com/solar-incentives/CT/4958/local-option-building-permit-fee-waivers-for-renewable-energy-projects,,"Jurisdiction-level solar policy or regulatory requirement in Connecticut, categorized as Solar/Wind Permitting Standards. Summarizes applicability, key requirements (for example, interconnection, net metering, or permitting standards), and links to supporting documentation.",,,,,amended,,,
,09,CT,state,regulation,,,Renewables Portfolio Standard,,https://portal.ct.gov/pura/rps/renewable-portfolio-standards-overview,,"Jurisdiction-level solar policy or regulatory requirement in Connecticut, categorized as Renewables Portfolio Standard. Summarizes applicability, key requirements (for example, interconnection, net metering, or permitting standards), and links to supporting documentation.",,,,,expired,,,
,09,CT,state,regulation,,,Shared Clean Energy Facility (SCEF) Program,,https://portal.ct.gov/deep/energy/shared-clean-energy-facilities/shared-clean-energy-facilities,,"Jurisdiction-level solar policy or regulatory requirement in Connecticut, categorized as Community Solar Rules. Summarizes applicability, key requirements (for example, interconnection, net metering, or permitting standards), and links to supporting documentation.",,,,,expired,"January 1, 2026",,
,09,CT,state,regulation,,,Connecticut Green Power Purchase Plan,,https://portal.ct.gov/deep/energy/renewable-energy/renewable-energy,,"Jurisdiction-level solar policy or regulatory requirement in Connecticut, categorized as Green Power Purchasing. Summarizes applicability, key requirements (for example, interconnection, net metering, or permitting standards), and links to supporting documentation.",,,,,pending,,,
,10,DE,state,incentive,,,Delaware Green Energy Program,,https://energy.delaware.gov/residential/green-energy-programs/,,"Official state or utility program source for solar incentive information in Delaware. Typically includes program summaries, eligibility criteria, incentive structure, application instructions, and administrator guidance.",,,,,error,,,
,13,GA,state,incentive,,,Central Georgia EMC - Home Plus Loan for Energy Efficiency Upgrades,,https://www.cgemc.com/homeplus-loan-program,,"Program-level record for a solar incentive available in Georgia, categorized as Loan Program. Typically includes the program name, administrator, eligibility rules, incentive structure or value, application steps, and deadlines.",,,,,error,,,
,13,GA,state,incentive,,,State incentives overview - GA,,https://programs.dsireusa.org/system/program/GA,,"Program-level record for a solar incentive available in Georgia. Typically includes the program name, administrator, eligibility rules, incentive structure or value, application steps, and deadlines.",,,,,active,"January 1, 2011",,
,13,GA,state,regulation,,,City of Atlanta - Sustainable Development Design Standards,,https://www.solarqcgroup.com/solar-incentives/GA/3759/city-of-atlanta-sustainable-development-design-standards,,"Jurisdiction-level solar policy or regulatory requirement in Georgia, categorized as Energy Standards for Public Buildings. Summarizes applicability, key requirements (for example, interconnection, net metering, or permitting standards), and links to supporting documentation.",,,,2.0,amended,12/9/2003,,
,13,GA,state,regulation,,,City of Chamblee - LEED Requirement for Public and Commercial Buildings,,https://www.solarqcgroup.com/solar-incentives/GA/3049/city-of-chamblee-leed-requirement-for-public-and-commercial-buildings,,"Jurisdiction-level solar policy or regulatory requirement in Georgia, categorized as Energy Standards for Public Buildings. Summarizes applicability, key requirements (for example, interconnection, net metering, or permitting standards), and links to supporting documentation.",,,,,amended,3/18/2008,,
,13,GA,state,regulation,,,Interconnection Guidelines,,https://www.solarqcgroup.com/solar-incentives/GA/782/interconnection-guidelines,,"Jurisdiction-level solar policy or regulatory requirement in Georgia, categorized as Interconnection. Summarizes applicability, key requirements (for example, interconnection, net metering, or permitting standards), and links to supporting documentation.",,,,,amended,,,
,13,GA,state,regulation,,,Net Metering,,https://psc.ga.gov/,,"Jurisdiction-level solar policy or regulatory requirement in Georgia, categorized as Net Metering. Summarizes applicability, key requirements (for example, interconnection, net metering, or permitting standards), and links to supporting documentation.",,,,,expired,,,30
,13,GA,state,regulation,,,Georgia Solar Easement Laws,,https://www.cleanenergyauthority.com/solar-rebates-and-incentives/georgia/georgia-solar-easement-laws,,"Jurisdiction-level solar policy or regulatory requirement in Georgia, categorized as Solar/Wind Access Policy. Summarizes applicability, key requirements (for example, interconnection, net metering, or permitting standards), and links to supporting documentation.",,,,,error,,,
,15,HI,state,incentive,,,Hawaii renewable energy tax incentives,,https://tax.hawaii.gov/geninfo/energy/,,"Official state or utility program source for solar incentive information in Hawaii. Typically includes program summaries, eligibility criteria, incentive structure, application instructions, and administrator guidance.",,,,,error,,,
,16,ID,state,incentive,,,"Property Tax Exemption for Wind, Solar, and Geothermal Energy Producers",,https://programs.dsireusa.org/system/program/ID,,"Program-level record for a solar incentive available in Idaho, categorized as Property Tax Incentive. Typically includes the program name, administrator, eligibility rules, incentive structure or value, application steps, and deadlines.",,,,,active,,,
,16,ID,state,incentive,,,Clean Energy Project Bond Program,,https://programs.dsireusa.org/system/program/ID,,"Program-level record for a solar incentive available in Idaho, categorized as Bond Program. Typically includes the program name, administrator, eligibility rules, incentive structure or value, application steps, and deadlines.",,,,,active,,,
,16,ID,state,incentive,,,Low-Interest Energy Loan Programs,,https://oemr.idaho.gov/energy/energy-loan-program/,,"Program-level record for a solar incentive available in Idaho, categorized as Loan Program. Typically includes the program name, administrator, eligibility rules, incentive structure or value, application steps, and deadlines.",,,,,error,,,
,16,ID,state,incentive,,,Residential Alternative Energy Tax Deduction,,https://tax.idaho.gov/document-mngr/0-518-603-776/,,"Program-level record for a solar incentive available in Idaho, categorized as Personal Tax Deduction. Typically includes the program name, administrator, eligibility rules, incentive structure or value, application steps, and deadlines.",,,,8.0,active,,,
,16,ID,state,incentive,,,State incentives overview - ID,,https://programs.dsireusa.org/system/program/ID,,"Program-level record for a solar incentive available in Idaho. Typically includes the program name, administrator, eligibility rules, incentive structure or value, application steps, and deadlines.",,,,,active,,,
,16,ID,state,regulation,,,Idaho Solar Easements & Access Laws,,https://law.justia.com/codes/idaho/title-55/chapter-6/section-55-615/,,"Jurisdiction-level solar policy or regulatory requirement in Idaho, categorized as Solar/Wind Access Policy. Summarizes applicability, key requirements (for example, interconnection, net metering, or permitting standards), and links to supporting documentation.",,,,,error,,,
,16,ID,state,regulation,,,Avista Utilities - Net Metering,,https://www.solarqcgroup.com/solar-incentives/ID/2339/avista-utilities-net-metering,,"Jurisdiction-level solar policy or regulatory requirement in Idaho, categorized as Net Metering. Summarizes applicability, key requirements (for example, interconnection, net metering, or permitting standards), and links to supporting documentation.",,,,,amended,,,
,16,ID,state,regulation,,,Rocky Mountain Power - Net Metering,,https://www.solarqcgroup.com/solar-incentives/ID/980/rocky-mountain-power-net-metering,,"Jurisdiction-level solar policy or regulatory requirement in Idaho, categorized as Net Metering. Summarizes applicability, key requirements (for example, interconnection, net metering, or permitting standards), and links to supporting documentation.",,,,,amended,,,
,16,ID,state,regulation,,,Idaho Power - Net Metering,,https://www.solarqcgroup.com/solar-incentives/ID/279/idaho-power-net-metering,,"Jurisdiction-level solar policy or regulatory requirement in Idaho, categorized as Net Metering. Summarizes applicability, key requirements (for example, interconnection, net metering, or permitting standards), and links to supporting documentation.",,,,10.0,amended,,,
,17,IL,state,incentive,,,Illinois Shines incentive portal,,https://illinoisshines.com/,,"Official state or utility program source for solar incentive information in Illinois. Typically includes program summaries, eligibility criteria, incentive structure, application instructions, and administrator guidance.",,,,,active,,,
,17,IL,state,regulation,,,Illinois Commerce Commission — solar / distributed generation regulatory portal,,https://www.icc.illinois.gov/,,"Official state Public Service Commission or Public Utility Commission portal providing regulatory decisions, distributed generation policy, interconnection standards, and related solar market oversight. This grouped source class supports scalable state-by-state tracking without creating a different source architecture for every regulator. This row covers Illinois.",,,,,active,,,
,18,IN,state,incentive,,,Sales and Use Tax Exemption for Electrical Generating Equipment,,https://programs.dsireusa.org/system/program/IN,,"Program-level record for a solar incentive available in Indiana, categorized as Sales Tax Incentive. Typically includes the program name, administrator, eligibility rules, incentive structure or value, application steps, and deadlines.",,,,29.0,expired,,,
,18,IN,state,incentive,,,Renewable Energy Property Tax Exemption,,https://programs.dsireusa.org/system/program/IN,,"Program-level record for a solar incentive available in Indiana, categorized as Property Tax Incentive. Typically includes the program name, administrator, eligibility rules, incentive structure or value, application steps, and deadlines.",,,,29.0,expired,,,
,18,IN,state,incentive,,,NIPSCO - Feed-In Tariff,,https://programs.dsireusa.org/system/program/IN,,"Program-level record for a solar incentive available in Indiana, categorized as Feed-in Tariff. Typically includes the program name, administrator, eligibility rules, incentive structure or value, application steps, and deadlines.",,,,29.0,expired,,,
,18,IN,state,incentive,,,City of Bloomington - Sustainable Development Incentives,,https://bloomington.in.gov/sustainability/incentives,,"Program-level record for a solar incentive available in Indiana, categorized as Green Building Incentive. Typically includes the program name, administrator, eligibility rules, incentive structure or value, application steps, and deadlines.",,,,,error,,,
,18,IN,state,incentive,,,Community Conservation Challenge,,https://programs.dsireusa.org/system/program/IN,,"Program-level record for a solar incentive available in Indiana, categorized as Grant Program. Typically includes the program name, administrator, eligibility rules, incentive structure or value, application steps, and deadlines.",,,,29.0,expired,,,
,18,IN,state,incentive,,,State incentives overview - IN,,https://programs.dsireusa.org/system/program/IN,,"Program-level record for a solar incentive available in Indiana. Typically includes the program name, administrator, eligibility rules, incentive structure or value, application steps, and deadlines.",,,,29.0,expired,,,
,18,IN,state,regulation,,,Clean Energy Portfolio Standard,,https://www.solarqcgroup.com/solar-incentives/IN/4832/clean-energy-portfolio-standard,,"Jurisdiction-level solar policy or regulatory requirement in Indiana, categorized as Renewables Portfolio Standard. Summarizes applicability, key requirements (for example, interconnection, net metering, or permitting standards), and links to supporting documentation.",,,,,amended,05/10/2011,,180
,18,IN,state,regulation,,,City of Bloomington - Green Building Requirements for Municipal Buildings,,https://www.solarqcgroup.com/solar-incentives/IN/3516/city-of-bloomington-green-building-requirements-for-municipal-buildings,,"Jurisdiction-level solar policy or regulatory requirement in Indiana, categorized as Energy Standards for Public Buildings. Summarizes applicability, key requirements (for example, interconnection, net metering, or permitting standards), and links to supporting documentation.",,,,,amended,03/25/2009,,
,18,IN,state,regulation,,,Energy Efficient State Building Initiative,,https://www.solarqcgroup.com/solar-incentives/IN/3045/energy-efficient-state-building-initiative,,"Jurisdiction-level solar policy or regulatory requirement in Indiana, categorized as Energy Standards for Public Buildings. Summarizes applicability, key requirements (for example, interconnection, net metering, or permitting standards), and links to supporting documentation.",,,,,amended,06/24/2008,,
,18,IN,state,regulation,,,Interconnection Standards,,https://www.solarqcgroup.com/solar-incentives/IN/1052/interconnection-standards,,"Jurisdiction-level solar policy or regulatory requirement in Indiana, categorized as Interconnection. Summarizes applicability, key requirements (for example, interconnection, net metering, or permitting standards), and links to supporting documentation.",,,,50.0,amended,03/06/2006,,
,18,IN,state,regulation,,,Net Metering,,https://www.in.gov/iurc/,,"Jurisdiction-level solar policy or regulatory requirement in Indiana, categorized as Net Metering. Summarizes applicability, key requirements (for example, interconnection, net metering, or permitting standards), and links to supporting documentation.",,,,,pending,,,
,18,IN,state,regulation,,,Indiana Solar Easements & Rights Laws,,https://www.solarqcgroup.com/solar-incentives/IN/257/solar-easements-rights-laws,,"Jurisdiction-level solar policy or regulatory requirement in Indiana, categorized as Solar/Wind Access Policy. Summarizes applicability, key requirements (for example, interconnection, net metering, or permitting standards), and links to supporting documentation.",,,,,amended,01/01/1980,,
,19,IA,state,regulation,,,Iowa Utilities Board — solar / distributed generation regulatory portal,,https://iub.iowa.gov/,,"Official state Public Service Commission or Public Utility Commission portal providing regulatory decisions, distributed generation policy, interconnection standards, and related solar market oversight. This grouped source class supports scalable state-by-state tracking without creating a different source architecture for every regulator. This row covers Iowa.",,,,,expired,,,60780
,20,KS,state,regulation,,,City of Kansas City - Green Building Policy for Municipal Buildings,,https://www.solarqcgroup.com/solar-incentives/MO/5578/city-of-kansas-city-green-building-policy-for-municipal-buildings,,"Jurisdiction-level solar policy or regulatory requirement in Missouri, categorized as Energy Standards for Public Buildings. Summarizes applicability, key requirements (for example, interconnection, net metering, or permitting standards), and links to supporting documentation.",,,,,amended,03/31/2011,,
,20,KS,state,regulation,,,City of Kansas City - Solar/Wind Easements and Geothermal Access,,https://www.solarqcgroup.com/solar-incentives/MO/5581/city-of-kansas-city-solar-easements-and-geothermal-access,,"Jurisdiction-level solar policy or regulatory requirement in Missouri, categorized as Solar/Wind Access Policy. Summarizes applicability, key requirements (for example, interconnection, net metering, or permitting standards), and links to supporting documentation.",,,,,expired,,,
,20,KS,state,regulation,,,Kansas Corporation Commission — solar / distributed generation regulatory portal,,https://kcc.ks.gov/,,"Official state Public Service Commission or Public Utility Commission portal providing regulatory decisions, distributed generation policy, interconnection standards, and related solar market oversight. This grouped source class supports scalable state-by-state tracking without creating a different source architecture for every regulator. This row covers Kansas.",,,,,error,,,
,21,KY,state,regulation,,,Kentucky Public Service Commission — solar / distributed generation regulatory portal,,https://psc.ky.gov/,,"Official state Public Service Commission or Public Utility Commission portal providing regulatory decisions, distributed generation policy, interconnection standards, and related solar market oversight. This grouped source class supports scalable state-by-state tracking without creating a different source architecture for every regulator. This row covers Kentucky.",,,,,active,"January 1, 2026",,
,22,LA,state,regulation,,,Louisiana Public Service Commission — solar / distributed generation regulatory portal,,http://www.lpsc.louisiana.gov/,,"Official state Public Service Commission or Public Utility Commission portal providing regulatory decisions, distributed generation policy, interconnection standards, and related solar market oversight. This grouped source class supports scalable state-by-state tracking without creating a different source architecture for every regulator. This row covers Louisiana.",,,,,active,,,
,23,ME,state,incentive,,,Maine net energy billing program guide,,https://www.maine.gov/mpuc/electricity/renewables/nep_guide,,"Official state or utility program source for solar incentive information in Maine. Typically includes program summaries, eligibility criteria, incentive structure, application instructions, and administrator guidance.",,,,,error,,,
,24,MD,state,incentive,,,Maryland renewable energy incentives,,https://energy.maryland.gov/Pages/Info/renewable.aspx,,"Official state or utility program source for solar incentive information in Maryland. Typically includes program summaries, eligibility criteria, incentive structure, application instructions, and administrator guidance.",,,,,active,,,
,25,MA,state,incentive,,,Solar Massachusetts Renewable Target (SMART) Program,,https://masmartsolar.com/,,"Program-level record for a solar incentive available in Massachusetts, categorized as Performance-Based Incentive. Typically includes the program name, administrator, eligibility rules, incentive structure or value, application steps, and deadlines.",,,,,active,,,
,25,MA,state,incentive,,,Reading Municipal Light Department - Business Energy Efficiency Rebate Program,,https://www.rmld.com/rebates,,"Program-level record for a solar incentive available in Massachusetts, categorized as Rebate Program. Typically includes the program name, administrator, eligibility rules, incentive structure or value, application steps, and deadlines.",,,,500.0,amended,,,
,25,MA,state,incentive,,,Reading Municipal Light Department - Residential and Small Commercial Solar Rebate Program,,https://www.rmld.com/residential/rebates/solar-rebate,,"Program-level record for a solar incentive available in Massachusetts, categorized as Rebate Program. Typically includes the program name, administrator, eligibility rules, incentive structure or value, application steps, and deadlines.",,,,,error,,,
,25,MA,state,incentive,,,Renewable Energy Property Tax Exemption,,https://programs.dsireusa.org/system/program/MA,,"Program-level record for a solar incentive available in Massachusetts, categorized as Property Tax Incentive. Typically includes the program name, administrator, eligibility rules, incentive structure or value, application steps, and deadlines.",,,,,expired,,,
,25,MA,state,incentive,,,Green Communities Grant Program,,https://www.mass.gov/info-details/being-a-green-community#grant-opportunities-,,"Program-level record for a solar incentive available in Massachusetts, categorized as Grant Program. Typically includes the program name, administrator, eligibility rules, incentive structure or value, application steps, and deadlines.",,,,,error,,,
,25,MA,state,incentive,,,Wakefield Municipal Gas & Light Department Solar Rebate Program,,https://www.wmgld.com/rebates/solar-rebate/,,"Program-level record for a solar incentive available in Massachusetts, categorized as Rebate Program. Typically includes the program name, administrator, eligibility rules, incentive structure or value, application steps, and deadlines.",,,,0.8,active,,,90
,25,MA,state,incentive,,,Town of Ipswich Electric Light Department Solar PV Rebate Program,,https://www.ipswichma.gov/349/Solar-PV-Rebate,,"Program-level record for a solar incentive available in Massachusetts, categorized as Rebate Program. Typically includes the program name, administrator, eligibility rules, incentive structure or value, application steps, and deadlines.",,,,,error,,,
,25,MA,state,incentive,,,Concord Municipal Light Plant - Solar Photovoltaic Rebate Program,,https://concordma.gov/2029/Solar-Panels,,"Program-level record for a solar incentive available in Massachusetts, categorized as Rebate Program. Typically includes the program name, administrator, eligibility rules, incentive structure or value, application steps, and deadlines.",,,,625.0,expired,,,56
,25,MA,state,incentive,,,Holyoke Gas & Electric - Commercial Energy Conservation Loan Program,,https://www.hged.com/energy-efficiency-loan-programs/,,"Program-level record for a solar incentive available in Massachusetts, categorized as Loan Program. Typically includes the program name, administrator, eligibility rules, incentive structure or value, application steps, and deadlines.",,,,,error,,,
,25,MA,state,incentive,,,Concord Municipal Light Plant - Commercial Energy Efficiency Rebate Program,,https://concordma.gov/2007/Rebates,,"Program-level record for a solar incentive available in Massachusetts, categorized as Rebate Program. Typically includes the program name, administrator, eligibility rules, incentive structure or value, application steps, and deadlines.",,,,,error,,,
,25,MA,state,incentive,,,Holyoke Gas & Electric - Residential Energy Conservation Loan Program,,https://www.hged.com/energy-efficiency-loan-programs/,,"Program-level record for a solar incentive available in Massachusetts, categorized as Loan Program. Typically includes the program name, administrator, eligibility rules, incentive structure or value, application steps, and deadlines.",,,,,error,,,
,25,MA,state,incentive,,,Hudson Light & Power - Photovoltaic Incentive Program,,https://www.hudsonlight.com/rebates/,,"Program-level record for a solar incentive available in Massachusetts, categorized as Rebate Program. Typically includes the program name, administrator, eligibility rules, incentive structure or value, application steps, and deadlines.",,,,,expired,,,
,25,MA,state,incentive,,,Renewable Energy Equipment Sales Tax Exemption,,https://programs.dsireusa.org/system/program/MA,,"Program-level record for a solar incentive available in Massachusetts, categorized as Sales Tax Incentive. Typically includes the program name, administrator, eligibility rules, incentive structure or value, application steps, and deadlines.",,,,,expired,,,
,25,MA,state,incentive,,,Residential Renewable Energy Income Tax Credit,,https://www.mass.gov/info-details/learn-about-the-residential-renewable-energy-income-tax-credit,,"Program-level record for a solar incentive available in Massachusetts, categorized as Personal Tax Credit. Typically includes the program name, administrator, eligibility rules, incentive structure or value, application steps, and deadlines.",,,,,error,,,
,25,MA,state,incentive,,,Local Option - Energy Revolving Loan Fund,,https://programs.dsireusa.org/system/program/MA,,"Program-level record for a solar incentive available in Massachusetts, categorized as PACE Financing. Typically includes the program name, administrator, eligibility rules, incentive structure or value, application steps, and deadlines.",,,,,expired,,,
,25,MA,state,incentive,,,PACE Massachusetts Financing,,https://www.massdevelopment.com/pace-massachusetts/,,"Program-level record for a solar incentive available in Massachusetts, categorized as PACE Financing. Typically includes the program name, administrator, eligibility rules, incentive structure or value, application steps, and deadlines.",,,,,active,,,
,25,MA,state,incentive,,,State incentives overview - MA,,https://programs.dsireusa.org/system/program/MA,,"Program-level record for a solar incentive available in Massachusetts. Typically includes the program name, administrator, eligibility rules, incentive structure or value, application steps, and deadlines.",,,,,expired,,,
,25,MA,state,regulation,,,Model As-of Right Zoning Ordinance or Bylaw: Allowing Use of Large-Scale Solar Energy Facilities,,https://www.solarqcgroup.com/solar-incentives/MA/4061/model-as-of-right-zoning-ordinance-or-bylaw-allowing-use-of-large-scale-solar-energy-facilities,,"Jurisdiction-level solar policy or regulatory requirement in Massachusetts, categorized as Solar/Wind Permitting Standards. Summarizes applicability, key requirements (for example, interconnection, net metering, or permitting standards), and links to supporting documentation.",,,,,pending,,,180
,25,MA,state,regulation,,,Massachusetts Green Power Purchasing Commitment,,https://www.solarqcgroup.com/solar-incentives/MA/3000/green-power-purchasing-commitment,,"Jurisdiction-level solar policy or regulatory requirement in Massachusetts, categorized as Green Power Purchasing. Summarizes applicability, key requirements (for example, interconnection, net metering, or permitting standards), and links to supporting documentation.",,,,,amended,4/18/2007,,
,25,MA,state,regulation,,,Net Metering,,https://www.mass.gov/info-details/net-metering-guide,,"Jurisdiction-level solar policy or regulatory requirement in Massachusetts, categorized as Net Metering. Summarizes applicability, key requirements (for example, interconnection, net metering, or permitting standards), and links to supporting documentation.",,,,,error,,,
,25,MA,state,regulation,,,Renewable Portfolio Standard,,https://www.solarqcgroup.com/solar-incentives/MA/479/renewable-portfolio-standard,,"Jurisdiction-level solar policy or regulatory requirement in Massachusetts, categorized as Renewables Portfolio Standard. Summarizes applicability, key requirements (for example, interconnection, net metering, or permitting standards), and links to supporting documentation.",,,,50.0,expired,11/25/1997,,
,25,MA,state,regulation,,,Renewable Energy Trust Fund,,https://www.solarqcgroup.com/solar-incentives/MA/732/renewable-energy-trust-fund,,"Jurisdiction-level solar policy or regulatory requirement in Massachusetts, categorized as Public Benefits Fund. Summarizes applicability, key requirements (for example, interconnection, net metering, or permitting standards), and links to supporting documentation.",,,,0.0,expired,11/25/1997,,
,25,MA,state,regulation,,,Interconnection Standards,,https://www.solarqcgroup.com/solar-incentives/MA/986/interconnection-standards,,"Jurisdiction-level solar policy or regulatory requirement in Massachusetts, categorized as Interconnection. Summarizes applicability, key requirements (for example, interconnection, net metering, or permitting standards), and links to supporting documentation.",,,,,amended,08/03/2012,,
,25,MA,state,regulation,,,Massachusetts Community Renewable Energy - Neighborhood Net Metering,,https://www.solarqcgroup.com/solar-incentives/MA/281/net-metering,,"Jurisdiction-level solar policy or regulatory requirement in Massachusetts, categorized as Community Solar Rules. Summarizes applicability, key requirements (for example, interconnection, net metering, or permitting standards), and links to supporting documentation.",,,,100.0,expired,02/17/2012,,
,25,MA,state,regulation,,,Clean Energy Standard,,https://www.mass.gov/guides/clean-energy-standard-310-cmr-775,,"Jurisdiction-level solar policy or regulatory requirement in Massachusetts, categorized as Renewables Portfolio Standard. Summarizes applicability, key requirements (for example, interconnection, net metering, or permitting standards), and links to supporting documentation.",,,,,error,,,
,25,MA,state,regulation,,,Massachusetts Solar Easements & Rights Laws,,https://www.solarqcgroup.com/solar-incentives/MA/301/solar-easements-rights-laws,,"Jurisdiction-level solar policy or regulatory requirement in Massachusetts, categorized as Solar/Wind Access Policy. Summarizes applicability, key requirements (for example, interconnection, net metering, or permitting standards), and links to supporting documentation.",,,,,amended,,,
,26,MI,state,incentive,,,Michigan Saves - Home Energy Loan Program,,https://michigansaves.org/loans/home-energy-loan/,,"Program-level record for a solar incentive available in Michigan, categorized as Loan Program. Typically includes the program name, administrator, eligibility rules, incentive structure or value, application steps, and deadlines.",,,,,error,,,
,26,MI,state,incentive,,,Solar Energy Facility Exemption,,https://www.michigan.gov/taxes/property/exemptions/solar-energy-facility-exemption,,"Program-level record for a solar incentive available in Michigan, categorized as Property Tax Incentive. Typically includes the program name, administrator, eligibility rules, incentive structure or value, application steps, and deadlines.",,,,,expired,,,
,26,MI,state,incentive,,,Nonrefundable Business Activity Tax Credit,,https://programs.dsireusa.org/system/program/MI,,"Program-level record for a solar incentive available in Michigan, categorized as Industry Recruitment/Support. Typically includes the program name, administrator, eligibility rules, incentive structure or value, application steps, and deadlines.",,,,,active,,,
,26,MI,state,incentive,,,Renewable Energy Renaissance Zones,,https://www.michiganbusiness.org/reports-data/renaissance-zones/,,"Program-level record for a solar incentive available in Michigan, categorized as Industry Recruitment/Support. Typically includes the program name, administrator, eligibility rules, incentive structure or value, application steps, and deadlines.",,,,,active,,,
,26,MI,state,incentive,,,Lansing Board of Water & Light - Residential Energy Efficiency Rebates,,https://www.lbwl.com/residential/save-money-energy/energy-efficiency-rebates,,"Program-level record for a solar incentive available in Michigan, categorized as Rebate Program. Typically includes the program name, administrator, eligibility rules, incentive structure or value, application steps, and deadlines.",,,,,error,,,
,26,MI,state,incentive,,,Lean and Green Michigan PACE,,https://leanandgreenmi.com/,,"Program-level record for a solar incentive available in Michigan, categorized as PACE Financing. Typically includes the program name, administrator, eligibility rules, incentive structure or value, application steps, and deadlines.",,,,314.0,amended,,,
,26,MI,state,incentive,,,Michigan Local PACE Program,,https://www.michiganbusiness.org/services/p-a-c-e/,,"Program-level record for a solar incentive available in Michigan, categorized as PACE Financing. Typically includes the program name, administrator, eligibility rules, incentive structure or value, application steps, and deadlines.",,,,,error,,,
,26,MI,state,incentive,,,State incentives overview - MI,,https://programs.dsireusa.org/system/program/MI,,"Program-level record for a solar incentive available in Michigan. Typically includes the program name, administrator, eligibility rules, incentive structure or value, application steps, and deadlines.",,,,,active,,,
,26,MI,state,incentive,,,Michigan distributed generation program source,,https://www.michigan.gov/mpsc/energy/dg,,"Official state or utility program source for solar incentive information in Michigan. Typically includes program summaries, eligibility criteria, incentive structure, application instructions, and administrator guidance.",,,,,error,,,
,26,MI,state,regulation,,,City of Ann Arbor - Green Power Purchasing,,https://www.solarqcgroup.com/solar-incentives/MI/2342/city-of-ann-arbor-green-power-purchasing,,"Jurisdiction-level solar policy or regulatory requirement in Michigan, categorized as Green Power Purchasing. Summarizes applicability, key requirements (for example, interconnection, net metering, or permitting standards), and links to supporting documentation.",,,,,amended,05/01/2006,,
,26,MI,state,regulation,,,City of Grand Rapids - Green Power Purchasing Policy,,https://www.solarqcgroup.com/solar-incentives/MI/2831/city-of-grand-rapids-green-power-purchasing-policy,,"Jurisdiction-level solar policy or regulatory requirement in Michigan, categorized as Green Power Purchasing. Summarizes applicability, key requirements (for example, interconnection, net metering, or permitting standards), and links to supporting documentation.",,,,,amended,11/27/2007,,
,26,MI,state,regulation,,,Renewable Energy Standard,,https://www.solarqcgroup.com/solar-incentives/MI/3094/renewable-energy-standard,,"Jurisdiction-level solar policy or regulatory requirement in Michigan, categorized as Renewables Portfolio Standard. Summarizes applicability, key requirements (for example, interconnection, net metering, or permitting standards), and links to supporting documentation.",,,,3.0,expired,10/06/2008,,120
,26,MI,state,regulation,,,Energy Efficiency in State Buildings,,https://www.solarqcgroup.com/solar-incentives/MI/1835/energy-efficiency-in-state-buildings,,"Jurisdiction-level solar policy or regulatory requirement in Michigan, categorized as Energy Standards for Public Buildings. Summarizes applicability, key requirements (for example, interconnection, net metering, or permitting standards), and links to supporting documentation.",,,,,amended,10/06/2008,,
,26,MI,state,regulation,,,City of Grand Rapids - Green Building Requirements for Municipal Buildings,,https://www.solarqcgroup.com/solar-incentives/MI/2830/city-of-grand-rapids-green-building-requirements-for-municipal-buildings,,"Jurisdiction-level solar policy or regulatory requirement in Michigan, categorized as Energy Standards for Public Buildings. Summarizes applicability, key requirements (for example, interconnection, net metering, or permitting standards), and links to supporting documentation.",,,,1.0,amended,01/24/2006,,
,26,MI,state,regulation,,,Renewable Energy and Energy Storage Facility Siting,,https://www.michigan.gov/mpsc/regulatory/facility-siting/renewable-energy-and-storage-facility-siting,,"Jurisdiction-level solar policy or regulatory requirement in Michigan, categorized as Solar/Wind Permitting Standards. Summarizes applicability, key requirements (for example, interconnection, net metering, or permitting standards), and links to supporting documentation.",,,,10000.0,expired,,,
,26,MI,state,regulation,,,Interconnection Standards,,https://www.solarqcgroup.com/solar-incentives/MI/1057/interconnection-standards,,"Jurisdiction-level solar policy or regulatory requirement in Michigan, categorized as Interconnection. Summarizes applicability, key requirements (for example, interconnection, net metering, or permitting standards), and links to supporting documentation.",,,,1.0,amended,05/26/2009,,
,26,MI,state,regulation,,,Net Metering,,https://www.solarqcgroup.com/solar-incentives/MI/5773/net-metering,,"Jurisdiction-level solar policy or regulatory requirement in Michigan, categorized as Net Metering. Summarizes applicability, key requirements (for example, interconnection, net metering, or permitting standards), and links to supporting documentation.",,,,25.0,pending,,,
,26,MI,state,regulation,,,City of Lansing - Green Power Purchasing Policy,,https://www.solarqcgroup.com/solar-incentives/MI/2780/city-of-lansing-green-power-purchasing-policy,,"Jurisdiction-level solar policy or regulatory requirement in Michigan, categorized as Green Power Purchasing. Summarizes applicability, key requirements (for example, interconnection, net metering, or permitting standards), and links to supporting documentation.",,,,,amended,02/12/2007,,
,26,MI,state,regulation,,,Low-Income and Energy Efficiency Fund (LIEEF),,https://www.cleanenergyauthority.com/solar-rebates-and-incentives/michigan/low-income-and-energy-efficiency-fund-lieef,,"Jurisdiction-level solar policy or regulatory requirement in Michigan, categorized as Public Benefits Fund. Summarizes applicability, key requirements (for example, interconnection, net metering, or permitting standards), and links to supporting documentation.",,,,,error,,,
,28,MS,state,regulation,,,Mississippi Public Service Commission — solar / distributed generation regulatory portal,,https://www.psc.ms.gov/,,"Official state Public Service Commission or Public Utility Commission portal providing regulatory decisions, distributed generation policy, interconnection standards, and related solar market oversight. This grouped source class supports scalable state-by-state tracking without creating a different source architecture for every regulator. This row covers Mississippi.",,,,,active,,,
,29,MO,state,incentive,,,Energy Loan Program,,https://energy.mo.gov/energy/loan-program,,"Program-level record for a solar incentive available in Missouri, categorized as Loan Program. Typically includes the program name, administrator, eligibility rules, incentive structure or value, application steps, and deadlines.",,,,,pending,,,
,29,MO,state,incentive,,,Show Me PACE,,https://showmepace.org/,,"Program-level record for a solar incentive available in Missouri, categorized as PACE Financing. Typically includes the program name, administrator, eligibility rules, incentive structure or value, application steps, and deadlines.",,,,,expired,,,
,29,MO,state,incentive,,,Local Option - Clean Energy Development Boards,,https://programs.dsireusa.org/system/program/MO,,"Program-level record for a solar incentive available in Missouri, categorized as PACE Financing. Typically includes the program name, administrator, eligibility rules, incentive structure or value, application steps, and deadlines.",,,,29.0,active,,,
,29,MO,state,incentive,,,Missouri Clean Energy District,,https://missouriced.com/,,"Program-level record for a solar incentive available in Missouri, categorized as PACE Financing. Typically includes the program name, administrator, eligibility rules, incentive structure or value, application steps, and deadlines.",,,,,error,,,
,29,MO,state,incentive,,,Columbia Water & Light - Solar Rebates,,https://www.como.gov/utilities/water-and-light/residential-programs/solar-rebates/,,"Program-level record for a solar incentive available in Missouri, categorized as Rebate Program. Typically includes the program name, administrator, eligibility rules, incentive structure or value, application steps, and deadlines.",,,,500.0,active,,,
,29,MO,state,incentive,,,Set the PACE St. Louis,,https://www.stlouis-mo.gov/government/departments/sldc/real-estate/pace.cfm,,"Program-level record for a solar incentive available in Missouri, categorized as PACE Financing. Typically includes the program name, administrator, eligibility rules, incentive structure or value, application steps, and deadlines.",,,,,error,,,
,29,MO,state,incentive,,,Liberty Utilities - Solar PV Rebates,,https://central.libertyutilities.com/solar-rebates.html,,"Program-level record for a solar incentive available in Missouri, categorized as Rebate Program. Typically includes the program name, administrator, eligibility rules, incentive structure or value, application steps, and deadlines.",,,,,active,,,365
,29,MO,state,incentive,,,Evergy Solar Rebate Program,,https://www.evergy.com/manage-account/rate-information-link/solar-rebate,,"Program-level record for a solar incentive available in Missouri, categorized as Rebate Program. Typically includes the program name, administrator, eligibility rules, incentive structure or value, application steps, and deadlines.",,,,,active,,,
,29,MO,state,incentive,,,Columbia Water & Light - Solar Energy Loans,,https://www.como.gov/utilities/water-and-light/residential-programs/solar-loan-program/,,"Program-level record for a solar incentive available in Missouri, categorized as Loan Program. Typically includes the program name, administrator, eligibility rules, incentive structure or value, application steps, and deadlines.",,,,,error,,,
,29,MO,state,incentive,,,State incentives overview - MO,,https://programs.dsireusa.org/system/program/MO,,"Program-level record for a solar incentive available in Missouri. Typically includes the program name, administrator, eligibility rules, incentive structure or value, application steps, and deadlines.",,,,29.0,active,,,
,29,MO,state,regulation,,,Renewable Energy Standard,,https://www.solarqcgroup.com/solar-incentives/MO/2622/renewable-energy-standard,,"Jurisdiction-level solar policy or regulatory requirement in Missouri, categorized as Renewables Portfolio Standard. Summarizes applicability, key requirements (for example, interconnection, net metering, or permitting standards), and links to supporting documentation.",,,,50000000.0,expired,11/04/2008,,
,29,MO,state,regulation,,,City of Columbia - Renewable Portfolio Standard,,https://www.solarqcgroup.com/solar-incentives/MO/113/city-of-columbia-renewable-portfolio-standard,,"Jurisdiction-level solar policy or regulatory requirement in Missouri, categorized as Renewables Portfolio Standard. Summarizes applicability, key requirements (for example, interconnection, net metering, or permitting standards), and links to supporting documentation.",,,,,expired,11/02/2004,,
,29,MO,state,regulation,,,Energy Standards for Public Buildings,,https://www.solarqcgroup.com/solar-incentives/MO/3022/energy-standards-for-public-buildings,,"Jurisdiction-level solar policy or regulatory requirement in Missouri, categorized as Energy Standards for Public Buildings. Summarizes applicability, key requirements (for example, interconnection, net metering, or permitting standards), and links to supporting documentation.",,,,,expired,04/23/2009,,
,29,MO,state,regulation,,,Interconnection Guidelines,,https://www.solarqcgroup.com/solar-incentives/MO/784/interconnection-guidelines,,"Jurisdiction-level solar policy or regulatory requirement in Missouri, categorized as Interconnection. Summarizes applicability, key requirements (for example, interconnection, net metering, or permitting standards), and links to supporting documentation.",,,,100000.0,expired,06/25/2007,,30
,29,MO,state,regulation,,,Net Metering,,https://www.solarqcgroup.com/solar-incentives/MO/2621/net-metering,,"Jurisdiction-level solar policy or regulatory requirement in Missouri, categorized as Net Metering. Summarizes applicability, key requirements (for example, interconnection, net metering, or permitting standards), and links to supporting documentation.",,,,,expired,06/25/2007,,360
,29,MO,state,regulation,,,Missouri Solar Easements & Rights Laws,,https://www.solarqcgroup.com/solar-incentives/MO/20/solar-easements-rights-laws,,"Jurisdiction-level solar policy or regulatory requirement in Missouri, categorized as Solar/Wind Access Policy. Summarizes applicability, key requirements (for example, interconnection, net metering, or permitting standards), and links to supporting documentation.",,,,,amended,,,
,29,MO,state,regulation,,,Missouri Public Service Commission — solar / distributed generation regulatory portal,,https://psc.mo.gov/,,"Official state Public Service Commission or Public Utility Commission portal providing regulatory decisions, distributed generation policy, interconnection standards, and related solar market oversight. This grouped source class supports scalable state-by-state tracking without creating a different source architecture for every regulator. This row covers Missouri.",,,,,pending,,,
,30,MT,state,incentive,,,Corporate Property Tax Reduction for New/Expanded Generating Facilities,,https://programs.dsireusa.org/system/program/MT,,"Program-level record for a solar incentive available in Montana, categorized as Property Tax Incentive. Typically includes the program name, administrator, eligibility rules, incentive structure or value, application steps, and deadlines.",,,,,active,,,
,30,MT,state,incentive,,,Alternative Energy Investment Tax Credit,,https://mtrevenue.gov/taxes/alternative-energy-investment-tax-credit/,,"Program-level record for a solar incentive available in Montana, categorized as Industry Recruitment/Support. Typically includes the program name, administrator, eligibility rules, incentive structure or value, application steps, and deadlines.",,,,,error,,,
,30,MT,state,incentive,,,Property Tax Abatement for Production and Manufacturing Facilities,,https://programs.dsireusa.org/system/program/MT,,"Program-level record for a solar incentive available in Montana, categorized as Industry Recruitment/Support. Typically includes the program name, administrator, eligibility rules, incentive structure or value, application steps, and deadlines.",,,,,active,,,
,30,MT,state,incentive,,,Renewable Energy Systems Exemption,,https://programs.dsireusa.org/system/program/MT,,"Program-level record for a solar incentive available in Montana, categorized as Property Tax Incentive. Typically includes the program name, administrator, eligibility rules, incentive structure or value, application steps, and deadlines.",,,,,active,,,
,30,MT,state,incentive,,,Generation Facility Corporate Tax Exemptions,,https://programs.dsireusa.org/system/program/MT,,"Program-level record for a solar incentive available in Montana, categorized as Property Tax Incentive. Typically includes the program name, administrator, eligibility rules, incentive structure or value, application steps, and deadlines.",,,,,active,,,
,30,MT,state,incentive,,,Yellowstone Valley Electric Cooperative - Solar Stock Watering System Rebate,,https://www.yvec.com/solar-stock-watering-systems/,,"Program-level record for a solar incentive available in Montana, categorized as Rebate Program. Typically includes the program name, administrator, eligibility rules, incentive structure or value, application steps, and deadlines.",,,,,error,,,
,30,MT,state,incentive,,,NorthWestern Energy - USB Renewable Energy Fund,,https://www.northwesternenergy.com/clean-energy/usb-renewable-energy-fund,,"Program-level record for a solar incentive available in Montana, categorized as Rebate Program. Typically includes the program name, administrator, eligibility rules, incentive structure or value, application steps, and deadlines.",,,,,error,,,
,30,MT,state,incentive,,,Montana Commercial PACE Financing Program,,https://montanacpace.com/,,"Program-level record for a solar incentive available in Montana, categorized as PACE Financing. Typically includes the program name, administrator, eligibility rules, incentive structure or value, application steps, and deadlines.",,,,,error,,,
,30,MT,state,incentive,,,Alternative Energy Revolving Loan Program,,https://commerce.mt.gov/Programs/Energy-Programs/Alternative-Energy-Revolving-Loan-Program,,"Program-level record for a solar incentive available in Montana, categorized as Loan Program. Typically includes the program name, administrator, eligibility rules, incentive structure or value, application steps, and deadlines.",,,,,error,,,
,30,MT,state,incentive,,,State incentives overview - MT,,https://programs.dsireusa.org/system/program/MT,,"Program-level record for a solar incentive available in Montana. Typically includes the program name, administrator, eligibility rules, incentive structure or value, application steps, and deadlines.",,,,,active,,,
,30,MT,state,regulation,,,Renewable Resource Standard,,https://www.solarqcgroup.com/solar-incentives/MT/384/renewable-resource-standard,,"Jurisdiction-level solar policy or regulatory requirement in Montana, categorized as Renewables Portfolio Standard. Summarizes applicability, key requirements (for example, interconnection, net metering, or permitting standards), and links to supporting documentation.",,,,10.0,expired,,,
,30,MT,state,regulation,,,Interconnection Standards,,https://www.solarqcgroup.com/solar-incentives/MT/618/interconnection-standards,,"Jurisdiction-level solar policy or regulatory requirement in Montana, categorized as Interconnection. Summarizes applicability, key requirements (for example, interconnection, net metering, or permitting standards), and links to supporting documentation.",,,,,amended,"August 13, 2010",,
,30,MT,state,regulation,,,Montana Solar and Wind Easements,,https://www.solarqcgroup.com/solar-incentives/MT/292/solar-and-wind-easements,,"Jurisdiction-level solar policy or regulatory requirement in Montana, categorized as Solar/Wind Access Policy. Summarizes applicability, key requirements (for example, interconnection, net metering, or permitting standards), and links to supporting documentation.",,,,,expired,4/21/11,,
,30,MT,state,regulation,,,Net Metering,,https://www.solarqcgroup.com/solar-incentives/MT/37/net-metering,,"Jurisdiction-level solar policy or regulatory requirement in Montana, categorized as Net Metering. Summarizes applicability, key requirements (for example, interconnection, net metering, or permitting standards), and links to supporting documentation.",,,,,pending,,,
,30,MT,state,regulation,,,Mandatory Utility Green Power Option,,https://www.solarqcgroup.com/solar-incentives/MT/26/mandatory-utility-green-power-option,,"Jurisdiction-level solar policy or regulatory requirement in Montana, categorized as Mandatory Utility Green Power Option. Summarizes applicability, key requirements (for example, interconnection, net metering, or permitting standards), and links to supporting documentation.",,,,,amended,5/5/2003,,
,30,MT,state,regulation,,,Universal System Benefits Program,,https://www.solarqcgroup.com/solar-incentives/MT/460/universal-system-benefits-program,,"Jurisdiction-level solar policy or regulatory requirement in Montana, categorized as Public Benefits Fund. Summarizes applicability, key requirements (for example, interconnection, net metering, or permitting standards), and links to supporting documentation.",,,,9.0,expired,,,
,31,NE,state,regulation,,,Nebraska Public Service Commission — solar / distributed generation regulatory portal,,https://psc.nebraska.gov/,,"Official state Public Service Commission or Public Utility Commission portal providing regulatory decisions, distributed generation policy, interconnection standards, and related solar market oversight. This grouped source class supports scalable state-by-state tracking without creating a different source architecture for every regulator. This row covers Nebraska.",,,,,pending,,,
,32,NV,state,incentive,,,Portfolio Energy Credits,,https://www.nvenergy.com/cleanenergy/solar/expanded-solar-access-program,,"Program-level record for a solar incentive available in Nevada, categorized as Performance-Based Incentive. Typically includes the program name, administrator, eligibility rules, incentive structure or value, application steps, and deadlines.",,,,,active,,,
,32,NV,state,incentive,,,Renewable Energy Sales and Use Tax Abatement,,https://energy.nv.gov/Programs/Renewable_Energy_Tax_Abatement/,,"Program-level record for a solar incentive available in Nevada, categorized as Sales Tax Incentive. Typically includes the program name, administrator, eligibility rules, incentive structure or value, application steps, and deadlines.",,,,,error,,,
,32,NV,state,incentive,,,Large Scale Renewable Energy Property Tax Abatement (Nevada State Office of Energy),,https://energy.nv.gov/Programs/Renewable_Energy_Tax_Abatement/,,"Program-level record for a solar incentive available in Nevada, categorized as Property Tax Incentive. Typically includes the program name, administrator, eligibility rules, incentive structure or value, application steps, and deadlines.",,,,,error,,,
,32,NV,state,incentive,,,Renewable Energy Systems Property Tax Exemption,,https://programs.dsireusa.org/system/program/NV,,"Program-level record for a solar incentive available in Nevada, categorized as Property Tax Incentive. Typically includes the program name, administrator, eligibility rules, incentive structure or value, application steps, and deadlines.",,,,,active,,,
,32,NV,state,incentive,,,Local Option - Special Improvement Districts,,https://programs.dsireusa.org/system/program/NV,,"Program-level record for a solar incentive available in Nevada, categorized as PACE Financing. Typically includes the program name, administrator, eligibility rules, incentive structure or value, application steps, and deadlines.",,,,,active,,,
,32,NV,state,incentive,,,State incentives overview - NV,,https://programs.dsireusa.org/system/program/NV,,"Program-level record for a solar incentive available in Nevada. Typically includes the program name, administrator, eligibility rules, incentive structure or value, application steps, and deadlines.",,,,,active,,,
,32,NV,state,regulation,,,Solar Contractor Licensing,,https://www.solarqcgroup.com/solar-incentives/NV/386/solar-contractor-licensing,,"Jurisdiction-level solar policy or regulatory requirement in Nevada, categorized as Solar/Wind Contractor Licensing. Summarizes applicability, key requirements (for example, interconnection, net metering, or permitting standards), and links to supporting documentation.",,,,,expired,6/17/2005,,
,32,NV,state,regulation,,,Energy Portfolio Standard,,https://www.solarqcgroup.com/solar-incentives/NV/373/energy-portfolio-standard,,"Jurisdiction-level solar policy or regulatory requirement in Nevada, categorized as Renewables Portfolio Standard. Summarizes applicability, key requirements (for example, interconnection, net metering, or permitting standards), and links to supporting documentation.",,,,,amended,,,
,32,NV,state,regulation,,,Net Metering,,https://www.solarqcgroup.com/solar-incentives/NV/372/net-metering,,"Jurisdiction-level solar policy or regulatory requirement in Nevada, categorized as Net Metering. Summarizes applicability, key requirements (for example, interconnection, net metering, or permitting standards), and links to supporting documentation.",,,,,expired,7/1/1997,,
,32,NV,state,regulation,,,Nevada State Energy Reduction Plan,,https://www.solarqcgroup.com/solar-incentives/NV/1892/nevada-state-energy-reduction-plan,,"Jurisdiction-level solar policy or regulatory requirement in Nevada, categorized as Energy Standards for Public Buildings. Summarizes applicability, key requirements (for example, interconnection, net metering, or permitting standards), and links to supporting documentation.",,,,,amended,6/8/2009,,
,32,NV,state,regulation,,,Interconnection Standards,,https://www.solarqcgroup.com/solar-incentives/NV/791/interconnection-standards,,"Jurisdiction-level solar policy or regulatory requirement in Nevada, categorized as Interconnection. Summarizes applicability, key requirements (for example, interconnection, net metering, or permitting standards), and links to supporting documentation.",,,,,amended,,,
,32,NV,state,regulation,,,Nevada Solar and Wind Easement Laws,,https://www.solarqcgroup.com/solar-incentives/NV/270/solar-and-wind-easements-rights-laws,,"Jurisdiction-level solar policy or regulatory requirement in Nevada, categorized as Solar/Wind Access Policy. Summarizes applicability, key requirements (for example, interconnection, net metering, or permitting standards), and links to supporting documentation.",,,,,amended,,,
Nevada,32,NV,county,permit,,,Nevada County — Building permits portal,,https://www.nevadacountyca.gov/586/Building-Department,,"Official county building department website or permitting portal that provides the authoritative entry point for building and electrical permits. Typically includes application steps, required documents, plan review, inspections, fee information, and links to online permitting systems.",,,,25.0,amended,,,21
,35,NM,state,incentive,,,Gross Receipts Tax Exemption for Sales of Wind and Solar Systems to Government Entities,,https://programs.dsireusa.org/system/program/NM,,"Program-level record for a solar incentive available in New Mexico, categorized as Sales Tax Incentive. Typically includes the program name, administrator, eligibility rules, incentive structure or value, application steps, and deadlines.",,,,,active,,,
,35,NM,state,incentive,,,Local Option - Renewable Energy Financing District/Solar Energy Improvement Special Assessments,,https://programs.dsireusa.org/system/program/NM,,"Program-level record for a solar incentive available in New Mexico, categorized as PACE Financing. Typically includes the program name, administrator, eligibility rules, incentive structure or value, application steps, and deadlines.",,,,,active,,,
,35,NM,state,incentive,,,Solar Energy Gross Receipts Tax Deduction,,https://programs.dsireusa.org/system/program/NM,,"Program-level record for a solar incentive available in New Mexico, categorized as Sales Tax Incentive. Typically includes the program name, administrator, eligibility rules, incentive structure or value, application steps, and deadlines.",,,,,active,,,
,35,NM,state,incentive,,,Clean Energy Revenue Bond Program,,https://programs.dsireusa.org/system/program/NM,,"Program-level record for a solar incentive available in New Mexico, categorized as Bond Program. Typically includes the program name, administrator, eligibility rules, incentive structure or value, application steps, and deadlines.",,,,,active,,,
,35,NM,state,incentive,,,Drinking Water State Revolving Loan Fund,,https://www.env.nm.gov/drinking_water/drinking-water-state-revolving-loan-fund/,,"Program-level record for a solar incentive available in New Mexico, categorized as Loan Program. Typically includes the program name, administrator, eligibility rules, incentive structure or value, application steps, and deadlines.",,,,,error,,,
,35,NM,state,incentive,,,New Solar Market Development Tax Credit,,https://www.tax.newmexico.gov/individuals/credits-rebates/,,"Program-level record for a solar incentive available in New Mexico, categorized as Personal Tax Credit. Typically includes the program name, administrator, eligibility rules, incentive structure or value, application steps, and deadlines.",,,,0.0,pending,,,
,35,NM,state,incentive,,,2021 Sustainable Building Tax Credit (Personal),,https://www.tax.newmexico.gov/individuals/credits-rebates/,,"Program-level record for a solar incentive available in New Mexico, categorized as Personal Tax Credit. Typically includes the program name, administrator, eligibility rules, incentive structure or value, application steps, and deadlines.",,,,0.0,pending,,,
,35,NM,state,incentive,,,2021 Sustainable Building Tax Credit (Corporate),,https://www.tax.newmexico.gov/businesses/credits-overview/,,"Program-level record for a solar incentive available in New Mexico, categorized as Corporate Tax Credit. Typically includes the program name, administrator, eligibility rules, incentive structure or value, application steps, and deadlines.",,,,,error,,,
,35,NM,state,incentive,,,Property Tax Exemption for Residential Solar Systems,,https://www.tax.newmexico.gov/all-nm-taxes/property-tax-overview/,,"Program-level record for a solar incentive available in New Mexico, categorized as Property Tax Incentive. Typically includes the program name, administrator, eligibility rules, incentive structure or value, application steps, and deadlines.",,,,,error,,,
,35,NM,state,incentive,,,Alternative Energy Product Manufacturers Tax Credit,,https://www.tax.newmexico.gov/businesses/credits-overview/,,"Program-level record for a solar incentive available in New Mexico, categorized as Industry Recruitment/Support. Typically includes the program name, administrator, eligibility rules, incentive structure or value, application steps, and deadlines.",,,,,error,,,
,35,NM,state,incentive,,,State incentives overview - NM,,https://programs.dsireusa.org/system/program/NM,,"Program-level record for a solar incentive available in New Mexico. Typically includes the program name, administrator, eligibility rules, incentive structure or value, application steps, and deadlines.",,,,,active,,,
,35,NM,state,incentive,,,Texas-New Mexico Power Company - SCORE/CitySmart & Commercial Solutions Market Transformation Programs,,https://www.tnmp.com/save-energy-money/business-programs,,"Program-level record for a solar incentive available in Texas, categorized as Rebate Program. Typically includes the program name, administrator, eligibility rules, incentive structure or value, application steps, and deadlines.",,,,,error,,,
,35,NM,state,regulation,,,Mandatory Utility Green Power Option,,https://www.solarqcgroup.com/solar-incentives/NM/866/mandatory-utility-green-power-option,,"Jurisdiction-level solar policy or regulatory requirement in New Mexico, categorized as Mandatory Utility Green Power Option. Summarizes applicability, key requirements (for example, interconnection, net metering, or permitting standards), and links to supporting documentation.",,,,5.84,amended,,,1080
,35,NM,state,regulation,,,Net Metering,,https://www.solarqcgroup.com/solar-incentives/NM/284/net-metering,,"Jurisdiction-level solar policy or regulatory requirement in New Mexico, categorized as Net Metering. Summarizes applicability, key requirements (for example, interconnection, net metering, or permitting standards), and links to supporting documentation.",,,,50.0,amended,7/29/2008,,60
,35,NM,state,regulation,,,Interconnection Standards,,https://www.solarqcgroup.com/solar-incentives/NM/3038/interconnection-standards,,"Jurisdiction-level solar policy or regulatory requirement in New Mexico, categorized as Interconnection. Summarizes applicability, key requirements (for example, interconnection, net metering, or permitting standards), and links to supporting documentation.",,,,1000000.0,amended,7/29/2008,,
,35,NM,state,regulation,,,Renewable Portfolio Standard,,https://www.solarqcgroup.com/solar-incentives/NM/720/renewable-portfolio-standard,,"Jurisdiction-level solar policy or regulatory requirement in New Mexico, categorized as Renewables Portfolio Standard. Summarizes applicability, key requirements (for example, interconnection, net metering, or permitting standards), and links to supporting documentation.",,,,99000.0,expired,"May 15, 2014",,
,35,NM,state,regulation,,,New Mexico Solar Easements & Rights Laws,,https://www.solarqcgroup.com/solar-incentives/NM/290/solar-easements-rights-laws,,"Jurisdiction-level solar policy or regulatory requirement in New Mexico, categorized as Solar/Wind Access Policy. Summarizes applicability, key requirements (for example, interconnection, net metering, or permitting standards), and links to supporting documentation.",,,,,expired,04/03/2007,,
,35,NM,state,regulation,,,City of Albuquerque - Solar Easements and Rights Laws,,https://www.solarqcgroup.com/solar-incentives/NM/5617/city-of-albuquerque-solar-easements-and-rights-laws,,"Jurisdiction-level solar policy or regulatory requirement in New Mexico, categorized as Solar/Wind Access Policy. Summarizes applicability, key requirements (for example, interconnection, net metering, or permitting standards), and links to supporting documentation.",,,,50.0,expired,,,
,35,NM,state,regulation,,,Solar/Wind Construction Permitting Standards,,https://www.solarqcgroup.com/solar-incentives/NM/5548/solarwind-construction-permitting-standards,,"Jurisdiction-level solar policy or regulatory requirement in New Mexico, categorized as Solar/Wind Permitting Standards. Summarizes applicability, key requirements (for example, interconnection, net metering, or permitting standards), and links to supporting documentation.",,,,,amended,04/01/2013,,
,35,NM,state,regulation,,,Farmington Electric Utility System - Net Metering,,https://www.solarqcgroup.com/solar-incentives/NM/3042/farmington-electric-utility-system-net-metering,,"Jurisdiction-level solar policy or regulatory requirement in New Mexico, categorized as Net Metering. Summarizes applicability, key requirements (for example, interconnection, net metering, or permitting standards), and links to supporting documentation.",,,,,amended,,,
,35,NM,state,regulation,,,Community Solar Program,,https://www.cleanenergyauthority.com/solar-rebates-and-incentives/new-mexico/community-solar-program,,"Jurisdiction-level solar policy or regulatory requirement in New Mexico, categorized as Community Solar Rules. Summarizes applicability, key requirements (for example, interconnection, net metering, or permitting standards), and links to supporting documentation.",,,,,error,,,
,36,NY,state,incentive,,,Solar Sales Tax Exemption,,https://www.tax.ny.gov/pubs_and_bulls/tg_bulletins/st/solar_energy_system_equipment.htm,,"Program-level record for a solar incentive available in New York, categorized as Sales Tax Incentive. Typically includes the program name, administrator, eligibility rules, incentive structure or value, application steps, and deadlines.",,,,,error,,,
,36,NY,state,incentive,,,NY-Sun PV Incentive Program (Commercial and Industrial),,https://www.nyserda.ny.gov/All-Programs/NY-Sun/Contractors/Dashboards-and-incentives/Upstate-Dashboard,,"Program-level record for a solar incentive available in New York, categorized as Rebate Program. Typically includes the program name, administrator, eligibility rules, incentive structure or value, application steps, and deadlines.",,,,,error,,,
,36,NY,state,incentive,,,NY Green Bank,,https://greenbank.ny.gov/,,"Program-level record for a solar incentive available in New York, categorized as Other Incentive. Typically includes the program name, administrator, eligibility rules, incentive structure or value, application steps, and deadlines.",,,,221.0,active,,,
,36,NY,state,incentive,,,"NY-Sun PV Incentive Program (Residential, Low-Income, and Small Business)",,https://www.nyserda.ny.gov/All-Programs/NY-Sun,,"Program-level record for a solar incentive available in New York, categorized as Rebate Program. Typically includes the program name, administrator, eligibility rules, incentive structure or value, application steps, and deadlines.",,,,,error,,,
,36,NY,state,incentive,,,New York City - Property Tax Abatement for Photovoltaic (PV) and Energy Storage Equipment,,https://www.nyc.gov/site/finance/property/solar-electric-generating-system-abatement.page,,"Program-level record for a solar incentive available in New York, categorized as Property Tax Incentive. Typically includes the program name, administrator, eligibility rules, incentive structure or value, application steps, and deadlines.",,,,,error,,,
,36,NY,state,incentive,,,"Local Option - Solar, Wind & Biomass Energy Systems Exemption",,https://programs.dsireusa.org/system/program/NY,,"Program-level record for a solar incentive available in New York, categorized as Property Tax Incentive. Typically includes the program name, administrator, eligibility rules, incentive structure or value, application steps, and deadlines.",,,,,pending,,,
,36,NY,state,incentive,,,Local Option - Real Property Tax Exemption for Green Buildings,,https://programs.dsireusa.org/system/program/NY,,"Program-level record for a solar incentive available in New York, categorized as Property Tax Incentive. Typically includes the program name, administrator, eligibility rules, incentive structure or value, application steps, and deadlines.",,,,,pending,,,
,36,NY,state,incentive,,,Energy Conservation Improvements Property Tax Exemption,,https://programs.dsireusa.org/system/program/NY,,"Program-level record for a solar incentive available in New York, categorized as Property Tax Incentive. Typically includes the program name, administrator, eligibility rules, incentive structure or value, application steps, and deadlines.",,,,,pending,,,
,36,NY,state,incentive,,,State of NY Commercial PACE Financing Program,,https://esd.ny.gov/commercial-property-assessed-clean-energy-program,,"Program-level record for a solar incentive available in New York, categorized as PACE Financing. Typically includes the program name, administrator, eligibility rules, incentive structure or value, application steps, and deadlines.",,,,,error,,,
,36,NY,state,incentive,,,NY Open C-PACE,,https://www.nyserda.ny.gov/All-Programs/Commercial-Property-Assessed-Clean-Energy,,"Program-level record for a solar incentive available in New York, categorized as PACE Financing. Typically includes the program name, administrator, eligibility rules, incentive structure or value, application steps, and deadlines.",,,,,error,,,
,36,NY,state,incentive,,,PSEG Long Island- Commercial Solar PV Feed-in Tariff,,https://www.psegliny.com/saveenergyandmoney/greenenergy/solar/solarfeedintariff,,"Program-level record for a solar incentive available in New York, categorized as Feed-in Tariff. Typically includes the program name, administrator, eligibility rules, incentive structure or value, application steps, and deadlines.",,,,,active,,,
,36,NY,state,incentive,,,NY-Sun Loan Program,,https://www.nyserda.ny.gov/All-Programs/NY-Sun/Solar-for-Your-Home/Financing-Options/NY-Sun-Loan-Program,,"Program-level record for a solar incentive available in New York, categorized as Loan Program. Typically includes the program name, administrator, eligibility rules, incentive structure or value, application steps, and deadlines.",,,,,error,,,
,36,NY,state,incentive,,,NYSERDA - Residential Financing Options,,https://www.nyserda.ny.gov/All-Programs/NY-Sun/Solar-for-Your-Home/Financing-Options,,"Program-level record for a solar incentive available in New York, categorized as Loan Program. Typically includes the program name, administrator, eligibility rules, incentive structure or value, application steps, and deadlines.",,,,,error,,,
,36,NY,state,incentive,,,Residential Solar Tax Credit,,https://www.tax.ny.gov/pit/property/credit/solar-energy-system-equipment-credit.htm,,"Program-level record for a solar incentive available in New York, categorized as Personal Tax Credit. Typically includes the program name, administrator, eligibility rules, incentive structure or value, application steps, and deadlines.",,,,,error,,,
,36,NY,state,incentive,,,City of Riverhead - Energy Conservation Device Permitting Fees,,https://programs.dsireusa.org/system/program/NY,,"Program-level record for a solar incentive available in New York, categorized as Green Building Incentive. Typically includes the program name, administrator, eligibility rules, incentive structure or value, application steps, and deadlines.",,,,,pending,,,
,36,NY,state,incentive,,,New York City - Residential Solar Sales Tax Exemption,,https://www.tax.ny.gov/pubs_and_bulls/tg_bulletins/st/solar_energy_system_equipment.htm,,"Program-level record for a solar incentive available in New York, categorized as Sales Tax Incentive. Typically includes the program name, administrator, eligibility rules, incentive structure or value, application steps, and deadlines.",,,,,error,,,
,36,NY,state,incentive,,,State incentives overview - NY,,https://programs.dsireusa.org/system/program/NY,,"Program-level record for a solar incentive available in New York. Typically includes the program name, administrator, eligibility rules, incentive structure or value, application steps, and deadlines.",,,,,pending,,,
,36,NY,state,regulation,,,New York Solar Easements & Solar Rights Laws,,https://www.solarqcgroup.com/solar-incentives/NY/309/solar-easements-local-option-solar-rights-laws,,"Jurisdiction-level solar policy or regulatory requirement in New York, categorized as Solar/Wind Access Policy. Summarizes applicability, key requirements (for example, interconnection, net metering, or permitting standards), and links to supporting documentation.",,,,,amended,,,
,36,NY,state,regulation,,,Community Distributed Generation,,https://www.nyserda.ny.gov/All-Programs/NY-Sun/Contractors/Resources-for-Contractors/Community-Solar,,"Jurisdiction-level solar policy or regulatory requirement in New York, categorized as Community Solar Rules. Summarizes applicability, key requirements (for example, interconnection, net metering, or permitting standards), and links to supporting documentation.",,,,,error,,,
,36,NY,state,regulation,,,Long Island Power Authority - Renewable Electricity Goal,,https://www.solarqcgroup.com/solar-incentives/NY/2806/pseg-long-island-renewable-electricity-goal,,"Jurisdiction-level solar policy or regulatory requirement in New York, categorized as Renewables Portfolio Standard. Summarizes applicability, key requirements (for example, interconnection, net metering, or permitting standards), and links to supporting documentation.",,,,,expired,06/23/2004,,
,36,NY,state,regulation,,,Clean Energy Standard,,https://www.solarqcgroup.com/solar-incentives/NY/5883/clean-energy-standard,,"Jurisdiction-level solar policy or regulatory requirement in New York, categorized as Renewables Portfolio Standard. Summarizes applicability, key requirements (for example, interconnection, net metering, or permitting standards), and links to supporting documentation.",,,,18.71,expired,,,
,36,NY,state,regulation,,,Interconnection Standards,,https://www.solarqcgroup.com/solar-incentives/NY/799/interconnection-standards,,"Jurisdiction-level solar policy or regulatory requirement in New York, categorized as Interconnection. Summarizes applicability, key requirements (for example, interconnection, net metering, or permitting standards), and links to supporting documentation.",,,,,expired,12/31/1999,,
,36,NY,state,regulation,,,New York City - Green Building Requirements for Municipal Buildings,,https://www.solarqcgroup.com/solar-incentives/NY/2820/new-york-city-green-building-requirements-for-municipal-buildings,,"Jurisdiction-level solar policy or regulatory requirement in New York, categorized as Energy Standards for Public Buildings. Summarizes applicability, key requirements (for example, interconnection, net metering, or permitting standards), and links to supporting documentation.",,,,2.0,expired,10/03/2005,,
,36,NY,state,regulation,,,PSEG Long Island - Net Metering,,https://www.solarqcgroup.com/solar-incentives/NY/3197/pseg-long-island-net-metering,,"Jurisdiction-level solar policy or regulatory requirement in New York, categorized as Net Metering. Summarizes applicability, key requirements (for example, interconnection, net metering, or permitting standards), and links to supporting documentation.",,,,350.0,amended,08/17/2011,,
,36,NY,state,regulation,,,Net Metering,,https://www.solarqcgroup.com/solar-incentives/NY/453/net-metering,,"Jurisdiction-level solar policy or regulatory requirement in New York, categorized as Net Metering. Summarizes applicability, key requirements (for example, interconnection, net metering, or permitting standards), and links to supporting documentation.",,,,,expired,"December 1, 2011",,
,36,NY,state,regulation,,,Clean Energy Fund (CEF),,https://www.solarqcgroup.com/solar-incentives/NY/5861/clean-energy-fund-cef,,"Jurisdiction-level solar policy or regulatory requirement in New York, categorized as Public Benefits Fund. Summarizes applicability, key requirements (for example, interconnection, net metering, or permitting standards), and links to supporting documentation.",,,,5.0,expired,,,
,36,NY,state,regulation,,,System Benefits Charge,,https://www.solarqcgroup.com/solar-incentives/NY/699/system-benefits-charge,,"Jurisdiction-level solar policy or regulatory requirement in New York, categorized as Public Benefits Fund. Summarizes applicability, key requirements (for example, interconnection, net metering, or permitting standards), and links to supporting documentation.",,,,527.0,expired,05/20/1996,,
,37,NC,state,incentive,,,Lumbee River EMC - Residential Energy Efficiency Program,,https://lumbeeriver.com/energy-efficiency/,,"Program-level record for a solar incentive available in North Carolina, categorized as Rebate Program. Typically includes the program name, administrator, eligibility rules, incentive structure or value, application steps, and deadlines.",,,,,error,,,
,37,NC,state,incentive,,,South River EMC - Energy Efficient New Homes Rebate Program,,https://www.sremc.com/rebates-and-incentives,,"Program-level record for a solar incentive available in North Carolina, categorized as Rebate Program. Typically includes the program name, administrator, eligibility rules, incentive structure or value, application steps, and deadlines.",,,,,error,,,
,37,NC,state,incentive,,,Four-County EMC - Residential Energy Efficiency Loan Program,,https://www.fourcty.org/loan-programs,,"Program-level record for a solar incentive available in North Carolina, categorized as Loan Program. Typically includes the program name, administrator, eligibility rules, incentive structure or value, application steps, and deadlines.",,,,,error,,,
,37,NC,state,incentive,,,Lumbee River EMC - Residential Energy Efficiency Loan Program,,https://lumbeeriver.com/energy-loans/,,"Program-level record for a solar incentive available in North Carolina, categorized as Loan Program. Typically includes the program name, administrator, eligibility rules, incentive structure or value, application steps, and deadlines.",,,,,error,,,
,37,NC,state,incentive,,,Dominion Energy (Gas) - Energy-Efficient Appliance Rebate Program,,https://www.dominionenergy.com/north-carolina-gas/save-energy/appliance-rebates,,"Program-level record for a solar incentive available in North Carolina, categorized as Rebate Program. Typically includes the program name, administrator, eligibility rules, incentive structure or value, application steps, and deadlines.",,,,,active,,,
,37,NC,state,incentive,,,Local Option - Commercial Property Assessed Capital Expenditure (C-PACE),,https://www.energync.org/c-pace,,"Program-level record for a solar incentive available in North Carolina, categorized as PACE Financing. Typically includes the program name, administrator, eligibility rules, incentive structure or value, application steps, and deadlines.",,,,,active,,,
,37,NC,state,incentive,,,Property Tax Abatement for Solar Electric Systems,,https://www.ncleg.gov/EnactedLegislation/Statutes/HTML/BySection/Chapter_105/GS_105-277.16A.html,,"Program-level record for a solar incentive available in North Carolina, categorized as Property Tax Incentive. Typically includes the program name, administrator, eligibility rules, incentive structure or value, application steps, and deadlines.",,,,,error,,,
,37,NC,state,incentive,,,Town of Carrboro - Worthwhile Investments Save Energy (WISE) Homes and Buildings Program,,https://www.townofcarrboro.org/1848/WISE,,"Program-level record for a solar incentive available in North Carolina, categorized as Loan Program. Typically includes the program name, administrator, eligibility rules, incentive structure or value, application steps, and deadlines.",,,,,error,,,
,37,NC,state,incentive,,,Piedmont EMC - Residential Solar and Energy Efficiency Loan Program,,https://www.pemc.com/energy-solutions/energy-efficiency/loans/,,"Program-level record for a solar incentive available in North Carolina, categorized as Loan Program. Typically includes the program name, administrator, eligibility rules, incentive structure or value, application steps, and deadlines.",,,,,error,,,
,37,NC,state,incentive,,,Duke Energy - PowerPair,,https://www.duke-energy.com/home/products/powerpair,,"Program-level record for a solar incentive available in North Carolina, categorized as Rebate Program. Typically includes the program name, administrator, eligibility rules, incentive structure or value, application steps, and deadlines.",,,,,active,,,90
,37,NC,state,incentive,,,Haywood EMC - Residential Heat Pump and Weatherization Loan Program,,https://www.haywoodemc.com/save-money/loan-programs,,"Program-level record for a solar incentive available in North Carolina, categorized as Loan Program. Typically includes the program name, administrator, eligibility rules, incentive structure or value, application steps, and deadlines.",,,,,error,,,
,37,NC,state,incentive,,,Union Power Cooperative - Residential Energy Efficient Loan Program,,https://union-power.com/energy-services/loans,,"Program-level record for a solar incentive available in North Carolina, categorized as Loan Program. Typically includes the program name, administrator, eligibility rules, incentive structure or value, application steps, and deadlines.",,,,,error,,,
,37,NC,state,incentive,,,Randolph EMC - ElecTel Energy Efficiency Loan Program,,https://randolphemc.com/save-energy/loans,,"Program-level record for a solar incentive available in North Carolina, categorized as Loan Program. Typically includes the program name, administrator, eligibility rules, incentive structure or value, application steps, and deadlines.",,,,,error,,,
,37,NC,state,incentive,,,Duke Energy Carolinas - Residential Energy Efficiency Rebate Program,,https://www.duke-energy.com/home/products/smart-saver,,"Program-level record for a solar incentive available in North Carolina, categorized as Rebate Program. Typically includes the program name, administrator, eligibility rules, incentive structure or value, application steps, and deadlines.",,,,,active,,,42
,37,NC,state,incentive,,,Active Solar Heating and Cooling Systems Exemption,,https://www.ncleg.gov/EnactedLegislation/Statutes/HTML/BySection/Chapter_105/GS_105-275.html,,"Program-level record for a solar incentive available in North Carolina, categorized as Property Tax Incentive. Typically includes the program name, administrator, eligibility rules, incentive structure or value, application steps, and deadlines.",,,,850000000.0,expired,"November 29, 2001",,360
,37,NC,state,incentive,,,Duke Energy - Non-Residential Energy Efficiency Rebate Program,,https://www.duke-energy.com/business/products/smart-saver,,"Program-level record for a solar incentive available in North Carolina, categorized as Rebate Program. Typically includes the program name, administrator, eligibility rules, incentive structure or value, application steps, and deadlines.",,,,,error,,,
,37,NC,federal,incentive,,,North Carolina - National Electric Vehicle Infrastructure (NEVI) Formula Grant Program,,https://www.ncdot.gov/initiatives-policies/environmental/Pages/electric-vehicle-charging.aspx,,"Program-level record for a solar incentive available in North Carolina, categorized as Grant Program. Typically includes the program name, administrator, eligibility rules, incentive structure or value, application steps, and deadlines.",,,,,error,,,
,37,NC,state,incentive,,,EnergyUnited (Electric) - Residential Energy Efficiency Program,,https://www.energyunited.com/save/residential-rebates-and-programs,,"Program-level record for a solar incentive available in North Carolina, categorized as Rebate Program. Typically includes the program name, administrator, eligibility rules, incentive structure or value, application steps, and deadlines.",,,,,error,,,
,37,NC,state,incentive,,,Four-County EMC - Residential Energy Efficiency Rebate Program,,https://www.fourcty.org/rebates,,"Program-level record for a solar incentive available in North Carolina, categorized as Rebate Program. Typically includes the program name, administrator, eligibility rules, incentive structure or value, application steps, and deadlines.",,,,50.0,active,,,
,37,NC,state,incentive,,,Piedmont EMC - Rate Discount for Energy Star Homes,,https://www.pemc.com/energy-solutions/energy-efficient-home-program/,,"Program-level record for a solar incentive available in North Carolina, categorized as Utility Rate Discount. Typically includes the program name, administrator, eligibility rules, incentive structure or value, application steps, and deadlines.",,,,,error,,,
,37,NC,state,incentive,,,Tideland EMC - Weatherization Loan Program,,https://www.tidelandemc.com/Services/Energy-Products-and-Services/Weatherization-Loans,,"Program-level record for a solar incentive available in North Carolina, categorized as Loan Program. Typically includes the program name, administrator, eligibility rules, incentive structure or value, application steps, and deadlines.",,,,,error,,,
,37,NC,state,incentive,,,Duke Energy - EV School Bus Program,,https://www.duke-energy.com/our-company/about-us/innovation/grid-modernization/electric-transportation/ev-school-bus-program,,"Program-level record for a solar incentive available in North Carolina, categorized as Rebate Program. Typically includes the program name, administrator, eligibility rules, incentive structure or value, application steps, and deadlines.",,,,,error,,,
,37,NC,state,incentive,,,Duke Energy - Improve & Save,,https://www.duke-energy.com/home/products/improve-and-save,,"Program-level record for a solar incentive available in North Carolina, categorized as Loan Program. Typically includes the program name, administrator, eligibility rules, incentive structure or value, application steps, and deadlines.",,,,4627.0,expired,,,
,37,NC,state,incentive,,,South River EMC - Residential Energy Efficiency Rebate Program,,https://www.sremc.com/rebates-and-incentives,,"Program-level record for a solar incentive available in North Carolina, categorized as Rebate Program. Typically includes the program name, administrator, eligibility rules, incentive structure or value, application steps, and deadlines.",,,,,error,,,
,37,NC,state,incentive,,,Carteret-Craven Electric Cooperative - Residential Energy Efficiency Rebate Program,,https://www.ccemc.com/energy-savings/rebates,,"Program-level record for a solar incentive available in North Carolina, categorized as Rebate Program. Typically includes the program name, administrator, eligibility rules, incentive structure or value, application steps, and deadlines.",,,,300.0,active,,,
,37,NC,state,incentive,,,TVA - Residential Energy Efficiency Rebate Program,,https://energyright.com/residential/,,"Program-level record for a solar incentive available in North Carolina, categorized as Rebate Program. Typically includes the program name, administrator, eligibility rules, incentive structure or value, application steps, and deadlines.",,,,0.05,pending,,,
,37,NC,state,incentive,,,TVA - Commercial Energy Efficiency Rebate Program,,https://energyright.com/business-industry/,,"Program-level record for a solar incentive available in North Carolina, categorized as Rebate Program. Typically includes the program name, administrator, eligibility rules, incentive structure or value, application steps, and deadlines.",,,,0.05,expired,,,180
,37,NC,state,incentive,,,Duke Energy - EV Charger Prep Credit Program,,https://www.duke-energy.com/home/products/ev-complete/charger-prep-credit,,"Program-level record for a solar incentive available in North Carolina, categorized as Rebate Program. Typically includes the program name, administrator, eligibility rules, incentive structure or value, application steps, and deadlines.",,,,,active,,,
,37,NC,state,incentive,,,City of Statesville Electric Utility Department - Residential and Commercial Energy Efficiency Rebate Program,,https://www.statesvillenc.net/departments/electric-utilities/rebates,,"Program-level record for a solar incentive available in North Carolina, categorized as Rebate Program. Typically includes the program name, administrator, eligibility rules, incentive structure or value, application steps, and deadlines.",,,,,error,,,
,37,NC,state,incentive,,,City of Concord Electric Department - Residential Energy Efficiency Rebate Program,,https://concordnc.gov/Departments/Electric-Systems/Save-Energy-Money/Rebates,,"Program-level record for a solar incentive available in North Carolina, categorized as Rebate Program. Typically includes the program name, administrator, eligibility rules, incentive structure or value, application steps, and deadlines.",,,,,error,,,
,37,NC,state,incentive,,,City of New Bern Electric Department - Residential Energy Efficiency Rebate Program,,https://www.newbernnc.gov/departments/public_utilities/electric_utilities/rebates.php,,"Program-level record for a solar incentive available in North Carolina, categorized as Rebate Program. Typically includes the program name, administrator, eligibility rules, incentive structure or value, application steps, and deadlines.",,,,,error,,,
,37,NC,state,incentive,,,Jones-Onslow EMC - Residential Energy Efficiency Rebate Program,,https://www.joemc.com/energy-savings/rebates,,"Program-level record for a solar incentive available in North Carolina, categorized as Rebate Program. Typically includes the program name, administrator, eligibility rules, incentive structure or value, application steps, and deadlines.",,,,,active,,,
,37,NC,state,incentive,,,Piedmont Natural Gas - Commercial Equipment Efficiency Program,,https://www.piedmontng.com/save-energy-money/business-rebates,,"Program-level record for a solar incentive available in North Carolina, categorized as Rebate Program. Typically includes the program name, administrator, eligibility rules, incentive structure or value, application steps, and deadlines.",,,,,error,,,
,37,NC,state,incentive,,,Piedmont Natural Gas - Residential Equipment Efficiency Program,,https://www.piedmontng.com/save-energy-money/residential-rebates,,"Program-level record for a solar incentive available in North Carolina, categorized as Rebate Program. Typically includes the program name, administrator, eligibility rules, incentive structure or value, application steps, and deadlines.",,,,,error,,,
,37,NC,state,incentive,,,City of High Point Electric - Residential Energy Efficiency Rebate Program,,https://www.highpointnc.gov/841/Electric-Rebates,,"Program-level record for a solar incentive available in North Carolina, categorized as Rebate Program. Typically includes the program name, administrator, eligibility rules, incentive structure or value, application steps, and deadlines.",,,,,amended,,,
,37,NC,state,incentive,,,Duke Energy Progress - Residential Energy Efficiency Rebate Program,,https://www.duke-energy.com/home/products/smart-saver,,"Program-level record for a solar incentive available in North Carolina, categorized as Rebate Program. Typically includes the program name, administrator, eligibility rules, incentive structure or value, application steps, and deadlines.",,,,,active,,,42
,37,NC,state,incentive,,,Randolph EMC - Electric Vehicle Charging Station Rebate,,https://randolphemc.com/electric-vehicles,,"Program-level record for a solar incentive available in North Carolina, categorized as Rebate Program. Typically includes the program name, administrator, eligibility rules, incentive structure or value, application steps, and deadlines.",,,,,active,,,
,37,NC,state,incentive,,,Cape Hatteras Electric Cooperative - ChargePoint Electric Vehicle Charger Residential Rebate,,https://www.chec.us/energy-services/ev-charger-rebate/,,"Program-level record for a solar incentive available in North Carolina, categorized as Rebate Program. Typically includes the program name, administrator, eligibility rules, incentive structure or value, application steps, and deadlines.",,,,,error,,,
,37,NC,state,incentive,,,Energy United - Residential Heat Pump Rebate,,https://www.energyunited.com/save/rebates,,"Program-level record for a solar incentive available in North Carolina, categorized as Rebate Program. Typically includes the program name, administrator, eligibility rules, incentive structure or value, application steps, and deadlines.",,,,,error,,,
,37,NC,state,incentive,,,SystemVision Energy Guarantee Program,,https://systemvision.org/,,"Program-level record for a solar incentive available in North Carolina, categorized as Rebate Program. Typically includes the program name, administrator, eligibility rules, incentive structure or value, application steps, and deadlines.",,,,,expired,,,
,37,NC,state,incentive,,,Piedmont EMC - Residential Energy Efficiency Rebate Program,,https://www.pemc.com/energy-solutions/rebates/,,"Program-level record for a solar incentive available in North Carolina, categorized as Rebate Program. Typically includes the program name, administrator, eligibility rules, incentive structure or value, application steps, and deadlines.",,,,,error,,,
,37,NC,state,incentive,,,EnergyUnited Commercial Lighting Program,,https://www.energyunited.com/save/business-rebates,,"Program-level record for a solar incentive available in North Carolina, categorized as Rebate Program. Typically includes the program name, administrator, eligibility rules, incentive structure or value, application steps, and deadlines.",,,,,error,,,
,37,NC,state,incentive,,,South River EMC - Solar Water Heating Rebate Program,,https://www.sremc.com/rebates-and-incentives,,"Program-level record for a solar incentive available in North Carolina, categorized as Rebate Program. Typically includes the program name, administrator, eligibility rules, incentive structure or value, application steps, and deadlines.",,,,,error,,,
,37,NC,state,incentive,,,Clean Fuel Advanced Technology (CFAT) Project,,https://www.deq.nc.gov/about/divisions/air-quality/motor-vehicles-and-air-quality/clean-fuel-advanced-technology-program,,"Program-level record for a solar incentive available in North Carolina, categorized as Grant Program. Typically includes the program name, administrator, eligibility rules, incentive structure or value, application steps, and deadlines.",,,,,error,,,
,37,NC,state,incentive,,,State incentives overview - NC,,https://programs.dsireusa.org/system/program/NC,,"Program-level record for a solar incentive available in North Carolina. Typically includes the program name, administrator, eligibility rules, incentive structure or value, application steps, and deadlines.",,,,,expired,,,
,37,NC,state,regulation,,,North Carolina Community Solar Rules,,https://www.cleanenergyauthority.com/solar-rebates-and-incentives/north-carolina/north-carolina-community-solar-rules,,"Jurisdiction-level solar policy or regulatory requirement in North Carolina, categorized as Community Solar Rules. Summarizes applicability, key requirements (for example, interconnection, net metering, or permitting standards), and links to supporting documentation.",,,,,error,,,
,37,NC,state,regulation,,,Blue Ridge EMC - Net Metering,,https://www.ncuc.gov/,,"Jurisdiction-level solar policy or regulatory requirement in North Carolina, categorized as Net Metering. Summarizes applicability, key requirements (for example, interconnection, net metering, or permitting standards), and links to supporting documentation.",,,,,active,,,
,37,NC,state,regulation,,,City of Asheville - Efficiency Standards for City Buildings,,https://www.solarqcgroup.com/solar-incentives/NC/2856/city-of-asheville-efficiency-standards-for-city-buildings,,"Jurisdiction-level solar policy or regulatory requirement in North Carolina, categorized as Energy Standards for Public Buildings. Summarizes applicability, key requirements (for example, interconnection, net metering, or permitting standards), and links to supporting documentation.",,,,650000.0,amended,4/24/2007,,
,37,NC,state,regulation,,,Net Metering,,https://www.ncuc.gov/,,"Jurisdiction-level solar policy or regulatory requirement in North Carolina, categorized as Net Metering. Summarizes applicability, key requirements (for example, interconnection, net metering, or permitting standards), and links to supporting documentation.",,,,,active,,,
,37,NC,state,regulation,,,North Carolina Solar Rights,,https://www.cleanenergyauthority.com/solar-rebates-and-incentives/north-carolina/north-carolina-solar-rights,,"Jurisdiction-level solar policy or regulatory requirement in North Carolina, categorized as Solar/Wind Access Policy. Summarizes applicability, key requirements (for example, interconnection, net metering, or permitting standards), and links to supporting documentation.",,,,,error,,,
,37,NC,state,regulation,,,Template Solar Energy Development Ordinance,,https://nccleantech.ncsu.edu/resource_library/template-solar-energy-development-ordinance-for-north-carolina-2/,,"Jurisdiction-level solar policy or regulatory requirement in North Carolina, categorized as Solar/Wind Permitting Standards. Summarizes applicability, key requirements (for example, interconnection, net metering, or permitting standards), and links to supporting documentation.",,,,,active,,,
,37,NC,state,regulation,,,City of Charlotte - Green Building Policy for Municipal Buildings,,https://www.charlottenc.gov/files/sharedassets/city/v/1/city-government/departments/documents/revised_sustainable_facilities_policy_2021.pdf,,"Jurisdiction-level solar policy or regulatory requirement in North Carolina, categorized as Energy Standards for Public Buildings. Summarizes applicability, key requirements (for example, interconnection, net metering, or permitting standards), and links to supporting documentation.",,,,,error,,,
,37,NC,state,regulation,,,Conservation of Energy and Water Use in State Buildings,,https://www.solarqcgroup.com/solar-incentives/NC/2704/conservation-of-energy-and-water-use-in-state-buildings,,"Jurisdiction-level solar policy or regulatory requirement in North Carolina, categorized as Energy Standards for Public Buildings. Summarizes applicability, key requirements (for example, interconnection, net metering, or permitting standards), and links to supporting documentation.",,,,,expired,8/31/2007,,
,37,NC,state,regulation,,,Town of Chapel Hill - Energy Conservation Requirements for Town Buildings,,https://www.solarqcgroup.com/solar-incentives/NC/391/town-of-chapel-hill-energy-conservation-requirements-for-town-buildings,,"Jurisdiction-level solar policy or regulatory requirement in North Carolina, categorized as Energy Standards for Public Buildings. Summarizes applicability, key requirements (for example, interconnection, net metering, or permitting standards), and links to supporting documentation.",,,,,amended,,,
,37,NC,state,regulation,,,Offshore Wind Energy Goal,,https://www.deq.nc.gov/energy-climate/offshore-wind-development,,"Jurisdiction-level solar policy or regulatory requirement in North Carolina, categorized as Offshore Wind Energy Target. Summarizes applicability, key requirements (for example, interconnection, net metering, or permitting standards), and links to supporting documentation.",,,,140.0,pending,,,
,37,NC,state,regulation,,,Building Energy Code,,https://www.solarqcgroup.com/solar-incentives/NC/1815/building-energy-code,,"Jurisdiction-level solar policy or regulatory requirement in North Carolina, categorized as Building Energy Code. Summarizes applicability, key requirements (for example, interconnection, net metering, or permitting standards), and links to supporting documentation.",,,,,amended,,,
,37,NC,state,regulation,,,Town of Kill Devil Hills - Wind Energy Systems Ordinance,,https://www.solarqcgroup.com/solar-incentives/NC/2860/town-of-kill-devil-hills-wind-energy-systems-ordinance,,"Jurisdiction-level solar policy or regulatory requirement in North Carolina, categorized as Solar/Wind Permitting Standards. Summarizes applicability, key requirements (for example, interconnection, net metering, or permitting standards), and links to supporting documentation.",,,,,expired,10/24/2007,,120
,37,NC,state,regulation,,,Wind Energy Permitting Standards,,https://www.solarqcgroup.com/solar-incentives/NC/5421/wind-energy-permitting-standards,,"Jurisdiction-level solar policy or regulatory requirement in North Carolina, categorized as Solar/Wind Permitting Standards. Summarizes applicability, key requirements (for example, interconnection, net metering, or permitting standards), and links to supporting documentation.",,,,,amended,,,
,37,NC,state,regulation,,,Model Wind Ordinance,,https://www.solarqcgroup.com/solar-incentives/NC/3051/model-wind-ordinance,,"Jurisdiction-level solar policy or regulatory requirement in North Carolina, categorized as Solar/Wind Permitting Standards. Summarizes applicability, key requirements (for example, interconnection, net metering, or permitting standards), and links to supporting documentation.",,,,,amended,,,
Ashe,37,NC,county,regulation,,,Ashe County - Wind Energy System Ordinance,,https://www.solarqcgroup.com/solar-incentives/NC/2778/ashe-county-wind-energy-system-ordinance,,"Jurisdiction-level solar policy or regulatory requirement in North Carolina, categorized as Solar/Wind Permitting Standards. Summarizes applicability, key requirements (for example, interconnection, net metering, or permitting standards), and links to supporting documentation.",,,,,amended,7/16/2007,,
Carteret,37,NC,county,regulation,,,Carteret County - Wind Energy System Ordinance,,https://www.solarqcgroup.com/solar-incentives/NC/3895/carteret-county-wind-energy-system-ordinance,,"Jurisdiction-level solar policy or regulatory requirement in North Carolina, categorized as Solar/Wind Permitting Standards. Summarizes applicability, key requirements (for example, interconnection, net metering, or permitting standards), and links to supporting documentation.",,,,,pending,,,
Hyde,37,NC,county,regulation,,,Hyde County - Wind Energy Facility Ordinance,,https://www.solarqcgroup.com/solar-incentives/NC/3371/hyde-county-wind-energy-facility-ordinance,,"Jurisdiction-level solar policy or regulatory requirement in North Carolina, categorized as Solar/Wind Permitting Standards. Summarizes applicability, key requirements (for example, interconnection, net metering, or permitting standards), and links to supporting documentation.",,,,,pending,11/3/2008,,
Madison,37,NC,county,regulation,,,Madison County - Wind Energy Systems Ordinance,,https://www.solarqcgroup.com/solar-incentives/NC/4332/madison-county-wind-energy-systems-ordinance,,"Jurisdiction-level solar policy or regulatory requirement in North Carolina, categorized as Solar/Wind Permitting Standards. Summarizes applicability, key requirements (for example, interconnection, net metering, or permitting standards), and links to supporting documentation.",,,,,amended,,,
Pitt,37,NC,county,regulation,,,Pitt County - Wind Energy Systems Ordinance,,https://www.solarqcgroup.com/solar-incentives/NC/4076/pitt-county-wind-energy-systems-ordinance,,"Jurisdiction-level solar policy or regulatory requirement in North Carolina, categorized as Solar/Wind Permitting Standards. Summarizes applicability, key requirements (for example, interconnection, net metering, or permitting standards), and links to supporting documentation.",,,,,pending,3/15/2010,,
Tyrrell,37,NC,county,regulation,,,Tyrrell County - Wind Energy Facility Ordinance,,https://www.solarqcgroup.com/solar-incentives/NC/3368/tyrrell-county-wind-energy-facility-ordinance,,"Jurisdiction-level solar policy or regulatory requirement in North Carolina, categorized as Solar/Wind Permitting Standards. Summarizes applicability, key requirements (for example, interconnection, net metering, or permitting standards), and links to supporting documentation.",,,,,pending,4/21/2009,,
Watauga,37,NC,county,regulation,,,Watauga County - Wind Energy System Ordinance,,https://www.solarqcgroup.com/solar-incentives/NC/2781/watauga-county-wind-energy-system-ordinance,,"Jurisdiction-level solar policy or regulatory requirement in North Carolina, categorized as Solar/Wind Permitting Standards. Summarizes applicability, key requirements (for example, interconnection, net metering, or permitting standards), and links to supporting documentation.",,,,,pending,8/7/2006,,
,38,ND,state,regulation,,,North Dakota Public Service Commission — solar / distributed generation regulatory portal,,https://www.psc.nd.gov/,,"Official state Public Service Commission or Public Utility Commission portal providing regulatory decisions, distributed generation policy, interconnection standards, and related solar market oversight. This grouped source class supports scalable state-by-state tracking without creating a different source architecture for every regulator. This row covers North Dakota.",,,,,active,,,
,39,OH,state,regulation,,,Public Utilities Commission of Ohio — solar / distributed generation regulatory portal,,https://puco.ohio.gov/,,"Official state Public Service Commission or Public Utility Commission portal providing regulatory decisions, distributed generation policy, interconnection standards, and related solar market oversight. This grouped source class supports scalable state-by-state tracking without creating a different source architecture for every regulator. This row covers Ohio.",,,,150.0,active,,,
,40,OK,state,incentive,,,State incentives overview - OK,,https://programs.dsireusa.org/system/program/OK,,"Program-level record for a solar incentive available in Oklahoma. Typically includes the program name, administrator, eligibility rules, incentive structure or value, application steps, and deadlines.",,,,,active,,,
,40,OK,state,regulation,,,Net Metering,,https://oklahoma.gov/occ.html,,"Jurisdiction-level solar policy or regulatory requirement in Oklahoma, categorized as Net Metering. Summarizes applicability, key requirements (for example, interconnection, net metering, or permitting standards), and links to supporting documentation.",,,,,pending,,,
,40,OK,state,regulation,,,Energy Standards for State Buildings,,https://www.solarqcgroup.com/solar-incentives/OK/3028/energy-standards-for-state-buildings,,"Jurisdiction-level solar policy or regulatory requirement in Oklahoma, categorized as Energy Standards for Public Buildings. Summarizes applicability, key requirements (for example, interconnection, net metering, or permitting standards), and links to supporting documentation.",,,,,amended,06/03/2008,,
,40,OK,state,regulation,,,Renewable Energy Goal,,https://www.solarqcgroup.com/solar-incentives/OK/4178/renewable-energy-goal,,"Jurisdiction-level solar policy or regulatory requirement in Oklahoma, categorized as Renewables Portfolio Standard. Summarizes applicability, key requirements (for example, interconnection, net metering, or permitting standards), and links to supporting documentation.",,,,,expired,5/27/2010,,
,41,OR,state,incentive,,,Custom Renewable Energy Projects,,https://www.energytrust.org/business/incentives/custom-projects/,,"Program-level record for a solar incentive available in Oregon, categorized as Grant Program. Typically includes the program name, administrator, eligibility rules, incentive structure or value, application steps, and deadlines.",,,,,error,,,
,41,OR,state,incentive,,,Solar Within Reach,,https://www.energytrust.org/solar/solar-within-reach/,,"Program-level record for a solar incentive available in Oregon, categorized as Rebate Program. Typically includes the program name, administrator, eligibility rules, incentive structure or value, application steps, and deadlines.",,,,2.0,active,,,
,41,OR,state,incentive,,,Local Option - Rural Renewable Energy Development Zones,,https://programs.dsireusa.org/system/program/OR,,"Program-level record for a solar incentive available in Oregon, categorized as Property Tax Incentive. Typically includes the program name, administrator, eligibility rules, incentive structure or value, application steps, and deadlines.",,,,,amended,,,
,41,OR,state,incentive,,,Solar Planning Program,,https://www.oregon.gov/energy/Incentives/Pages/Solar-Storage-Rebate-Program.aspx,,"Program-level record for a solar incentive available in Oregon, categorized as Rebate Program. Typically includes the program name, administrator, eligibility rules, incentive structure or value, application steps, and deadlines.",,,,,active,,,
,41,OR,state,incentive,,,Pacific Power - Blue Sky Community Project Funds,,https://www.pacificpower.net/about/community/blue-sky-renewable-energy-program.html,,"Program-level record for a solar incentive available in Oregon, categorized as Grant Program. Typically includes the program name, administrator, eligibility rules, incentive structure or value, application steps, and deadlines.",,,,,error,,,
,41,OR,state,incentive,,,PGE Renewable Development Fund,,https://portlandgeneral.com/about/community-impact/renewable-development-fund,,"Program-level record for a solar incentive available in Oregon, categorized as Grant Program. Typically includes the program name, administrator, eligibility rules, incentive structure or value, application steps, and deadlines.",,,,,error,,,
,41,OR,state,incentive,,,Small-Scale Energy Loan Program,,https://www.oregon.gov/energy/Incentives/Pages/Small-Scale-Energy-Loan-Program.aspx,,"Program-level record for a solar incentive available in Oregon, categorized as Loan Program. Typically includes the program name, administrator, eligibility rules, incentive structure or value, application steps, and deadlines.",,,,,pending,,,
,41,OR,state,incentive,,,Renewable Energy Systems Exemption,,https://programs.dsireusa.org/system/program/OR,,"Program-level record for a solar incentive available in Oregon, categorized as Property Tax Incentive. Typically includes the program name, administrator, eligibility rules, incentive structure or value, application steps, and deadlines.",,,,,amended,,,
,41,OR,state,incentive,,,Forest Grove Light & Power - Residential Solar Rebate Program,,https://www.forestgrove-or.gov/lightpower/page/residential-solar-rebate-program,,"Program-level record for a solar incentive available in Oregon, categorized as Rebate Program. Typically includes the program name, administrator, eligibility rules, incentive structure or value, application steps, and deadlines.",,,,,error,,,
,41,OR,state,incentive,,,Salem Electric - Photovoltaic Rebate Program,,https://salemelectric.com/energy-solutions/solar-rebates/,,"Program-level record for a solar incentive available in Oregon, categorized as Rebate Program. Typically includes the program name, administrator, eligibility rules, incentive structure or value, application steps, and deadlines.",,,,,error,,,
,41,OR,state,incentive,,,EWEB - Solar Electric Program (Rebate),,https://www.eweb.org/residential-customers/rebates-loans-and-conservation/solar-electric-program,,"Program-level record for a solar incentive available in Oregon, categorized as Rebate Program. Typically includes the program name, administrator, eligibility rules, incentive structure or value, application steps, and deadlines.",,,,,error,,,
,41,OR,state,incentive,,,Central Lincoln People's Utility District - Renewable Energy Incentive Program,,https://www.clpud.org/residential/rebates/renewable-energy-incentive/,,"Program-level record for a solar incentive available in Oregon, categorized as Rebate Program. Typically includes the program name, administrator, eligibility rules, incentive structure or value, application steps, and deadlines.",,,,,error,,,
,41,OR,state,incentive,,,Ashland Electric Utility - Photovoltaic Rebate Program,,https://www.ashland.or.us/Page.asp?NavID=15336,,"Program-level record for a solar incentive available in Oregon, categorized as Rebate Program. Typically includes the program name, administrator, eligibility rules, incentive structure or value, application steps, and deadlines.",,,,,pending,,,
,41,OR,state,incentive,,,Solar + Storage Rebate Program,,https://www.oregon.gov/energy/Incentives/Pages/Solar-Storage-Rebate-Program.aspx,,"Program-level record for a solar incentive available in Oregon, categorized as Rebate Program. Typically includes the program name, administrator, eligibility rules, incentive structure or value, application steps, and deadlines.",,,,,active,,,
,41,OR,state,incentive,,,Making Solar Equitable Program,,https://www.energytrust.org/solar/making-solar-equitable/,,"Program-level record for a solar incentive available in Oregon, categorized as Rebate Program. Typically includes the program name, administrator, eligibility rules, incentive structure or value, application steps, and deadlines.",,,,,error,,,
,41,OR,state,incentive,,,Solar Electric Incentive Program,,https://www.energytrust.org/solar/,,"Program-level record for a solar incentive available in Oregon, categorized as Rebate Program. Typically includes the program name, administrator, eligibility rules, incentive structure or value, application steps, and deadlines.",,,,,active,,,
,41,OR,state,incentive,,,New Homes Incentive Program,,https://www.energytrust.org/newhomes/,,"Program-level record for a solar incentive available in Oregon, categorized as Rebate Program. Typically includes the program name, administrator, eligibility rules, incentive structure or value, application steps, and deadlines.",,,,,error,,,
,41,OR,state,incentive,,,Home Energy Solutions for Existing Homes,,https://www.energytrust.org/residential/,,"Program-level record for a solar incentive available in Oregon, categorized as Rebate Program. Typically includes the program name, administrator, eligibility rules, incentive structure or value, application steps, and deadlines.",,,,,active,,,
,41,OR,state,incentive,,,New Buildings Program,,https://www.energytrust.org/commercial/new-buildings/,,"Program-level record for a solar incentive available in Oregon, categorized as Rebate Program. Typically includes the program name, administrator, eligibility rules, incentive structure or value, application steps, and deadlines.",,,,,active,,,
,41,OR,state,incentive,,,State incentives overview - OR,,https://programs.dsireusa.org/system/program/OR,,"Program-level record for a solar incentive available in Oregon. Typically includes the program name, administrator, eligibility rules, incentive structure or value, application steps, and deadlines.",,,,,amended,,,
,41,OR,state,regulation,,,Portland - Solar Access Developer Guidelines,,https://www.portland.gov/ppd/solar-development,,"Jurisdiction-level solar policy or regulatory requirement in Oregon, categorized as Solar/Wind Access Policy. Summarizes applicability, key requirements (for example, interconnection, net metering, or permitting standards), and links to supporting documentation.",,,,,expired,,,
,41,OR,state,regulation,,,Oregon Solar and Wind Easements/Rights Laws & Local Option Solar Rights Law,,https://www.solarqcgroup.com/solar-incentives/OR/4/solar-and-wind-easements-rights-laws-local-option-solar-rights-law,,"Jurisdiction-level solar policy or regulatory requirement in Oregon, categorized as Solar/Wind Access Policy. Summarizes applicability, key requirements (for example, interconnection, net metering, or permitting standards), and links to supporting documentation.",,,,,expired,,,
,41,OR,state,regulation,,,Solar Permitting Law,,https://www.solarqcgroup.com/solar-incentives/OR/4892/solar-permitting-law,,"Jurisdiction-level solar policy or regulatory requirement in Oregon, categorized as Solar/Wind Permitting Standards. Summarizes applicability, key requirements (for example, interconnection, net metering, or permitting standards), and links to supporting documentation.",,,,,amended,6/21/2011,,
,41,OR,state,regulation,,,Renewable Energy Contractor Licensing,,https://www.solarqcgroup.com/solar-incentives/OR/367/renewable-energy-contractor-licensing,,"Jurisdiction-level solar policy or regulatory requirement in Oregon, categorized as Solar/Wind Contractor Licensing. Summarizes applicability, key requirements (for example, interconnection, net metering, or permitting standards), and links to supporting documentation.",,,,,amended,,,
,41,OR,state,regulation,,,Renewable Portfolio Standard,,https://www.solarqcgroup.com/solar-incentives/OR/2594/renewable-portfolio-standard,,"Jurisdiction-level solar policy or regulatory requirement in Oregon, categorized as Renewables Portfolio Standard. Summarizes applicability, key requirements (for example, interconnection, net metering, or permitting standards), and links to supporting documentation.",,,,110.0,expired,6/6/2007,,
,41,OR,state,regulation,,,City of Portland - Green Building Policy and LEED Certification,,https://www.solarqcgroup.com/solar-incentives/OR/254/city-of-portland-green-building-policy-and-leed-certification,,"Jurisdiction-level solar policy or regulatory requirement in Oregon, categorized as Energy Standards for Public Buildings. Summarizes applicability, key requirements (for example, interconnection, net metering, or permitting standards), and links to supporting documentation.",,,,300000.0,expired,4/29/2005,,
,41,OR,state,regulation,,,Interconnection Standards,,https://www.solarqcgroup.com/solar-incentives/OR/802/interconnection-standards,,"Jurisdiction-level solar policy or regulatory requirement in Oregon, categorized as Interconnection. Summarizes applicability, key requirements (for example, interconnection, net metering, or permitting standards), and links to supporting documentation.",,,,50.0,expired,7/24/2007,,
,41,OR,state,regulation,,,Green Energy Technology in Public Buildings,,https://www.solarqcgroup.com/solar-incentives/OR/2633/green-energy-technology-in-public-buildings,,"Jurisdiction-level solar policy or regulatory requirement in Oregon, categorized as Energy Standards for Public Buildings. Summarizes applicability, key requirements (for example, interconnection, net metering, or permitting standards), and links to supporting documentation.",,,,1000000.0,expired,06/13/2007,,
,41,OR,state,regulation,,,City of Eugene - Solar Standards,,https://www.solarqcgroup.com/solar-incentives/OR/295/city-of-eugene-solar-standards,,"Jurisdiction-level solar policy or regulatory requirement in Oregon, categorized as Solar/Wind Access Policy. Summarizes applicability, key requirements (for example, interconnection, net metering, or permitting standards), and links to supporting documentation.",,,,,amended,,,
,41,OR,state,regulation,,,City of Ashland - Solar Rights Ordinance,,https://www.solarqcgroup.com/solar-incentives/OR/291/city-of-ashland-solar-rights-ordinance,,"Jurisdiction-level solar policy or regulatory requirement in Oregon, categorized as Solar/Wind Access Policy. Summarizes applicability, key requirements (for example, interconnection, net metering, or permitting standards), and links to supporting documentation.",,,,,pending,,,
,41,OR,state,regulation,,,City of Portland - Streamlined Building Permits for Residential Solar Systems,,https://www.solarqcgroup.com/solar-incentives/OR/4432/city-of-portland-streamlined-building-permits-for-residential-solar-systems,,"Jurisdiction-level solar policy or regulatory requirement in Oregon, categorized as Solar/Wind Permitting Standards. Summarizes applicability, key requirements (for example, interconnection, net metering, or permitting standards), and links to supporting documentation.",,,,,amended,,,
,41,OR,state,regulation,,,Model Ordinance for Renewable Energy Projects,,https://www.solarqcgroup.com/solar-incentives/OR/3234/model-ordinance-for-renewable-energy-projects,,"Jurisdiction-level solar policy or regulatory requirement in Oregon, categorized as Solar/Wind Permitting Standards. Summarizes applicability, key requirements (for example, interconnection, net metering, or permitting standards), and links to supporting documentation.",,,,,expired,,,
,41,OR,state,regulation,,,Building Energy Code,,https://www.solarqcgroup.com/solar-incentives/OR/1862/building-energy-code,,"Jurisdiction-level solar policy or regulatory requirement in Oregon, categorized as Building Energy Code. Summarizes applicability, key requirements (for example, interconnection, net metering, or permitting standards), and links to supporting documentation.",,,,,amended,"July 1, 2008",,
,41,OR,state,regulation,,,Ashland Electric - Net Metering,,https://www.oregon.gov/puc/,,"Jurisdiction-level solar policy or regulatory requirement in Oregon, categorized as Net Metering. Summarizes applicability, key requirements (for example, interconnection, net metering, or permitting standards), and links to supporting documentation.",,,,,active,,,
,41,OR,state,regulation,,,Oregon Community Solar Program,,https://www.oregon.gov/puc/utilities/Pages/Renewable-Resources.aspx,,"Jurisdiction-level solar policy or regulatory requirement in Oregon, categorized as Community Solar Rules. Summarizes applicability, key requirements (for example, interconnection, net metering, or permitting standards), and links to supporting documentation.",,,,,amended,,,360
,41,OR,state,regulation,,,EWEB - Net Metering,,https://www.oregon.gov/puc/,,"Jurisdiction-level solar policy or regulatory requirement in Oregon, categorized as Net Metering. Summarizes applicability, key requirements (for example, interconnection, net metering, or permitting standards), and links to supporting documentation.",,,,,active,,,
,41,OR,state,regulation,,,Net Metering,,https://www.oregon.gov/puc/,,"Jurisdiction-level solar policy or regulatory requirement in Oregon, categorized as Net Metering. Summarizes applicability, key requirements (for example, interconnection, net metering, or permitting standards), and links to supporting documentation.",,,,,active,,,
,41,OR,state,regulation,,,Mandatory Utility Green Power Option,,https://www.solarqcgroup.com/solar-incentives/OR/2763/mandatory-utility-green-power-option,,"Jurisdiction-level solar policy or regulatory requirement in Oregon, categorized as Mandatory Utility Green Power Option. Summarizes applicability, key requirements (for example, interconnection, net metering, or permitting standards), and links to supporting documentation.",,,,,amended,6/6/2007,,
,41,OR,state,regulation,,,Energy Trust of Oregon,,https://www.solarqcgroup.com/solar-incentives/OR/246/energy-trust-of-oregon,,"Jurisdiction-level solar policy or regulatory requirement in Oregon, categorized as Public Benefits Fund. Summarizes applicability, key requirements (for example, interconnection, net metering, or permitting standards), and links to supporting documentation.",,,,15.0,expired,07/23/1999,,
,41,OR,state,regulation,,,Large Electric Consumer Public Purpose Program (LECPPP),,https://www.solarqcgroup.com/solar-incentives/OR/5837/self-direction-of-public-purpose-charges-lecppp,,"Jurisdiction-level solar policy or regulatory requirement in Oregon, categorized as Public Benefits Fund. Summarizes applicability, key requirements (for example, interconnection, net metering, or permitting standards), and links to supporting documentation.",,,,,pending,,,
,41,OR,state,regulation,,,SB 1149 Schools Program,,https://www.solarqcgroup.com/solar-incentives/OR/5803/sb-1149-schools-program,,"Jurisdiction-level solar policy or regulatory requirement in Oregon, categorized as Public Benefits Fund. Summarizes applicability, key requirements (for example, interconnection, net metering, or permitting standards), and links to supporting documentation.",,,,,pending,,,
,42,PA,state,incentive,,,High Performance Buildings Incentive Program,,https://programs.dsireusa.org/system/program/PA,,"Program-level record for a solar incentive available in Pennsylvania, categorized as Loan Program. Typically includes the program name, administrator, eligibility rules, incentive structure or value, application steps, and deadlines.",,,,,active,,,
,42,PA,state,incentive,,,PPL Electric Utilities - Business Incentive Program,,https://www.pplelectric.com/site/Ways-to-Save/Business-Rebates-and-Incentives,,"Program-level record for a solar incentive available in Pennsylvania, categorized as Rebate Program. Typically includes the program name, administrator, eligibility rules, incentive structure or value, application steps, and deadlines.",,,,,error,,,
,42,PA,state,incentive,,,Solar Alternative Energy Credits,,https://www.puc.pa.gov/,,"Program-level record for a solar incentive available in Pennsylvania, categorized as Solar Renewable Energy Credit Program. Typically includes the program name, administrator, eligibility rules, incentive structure or value, application steps, and deadlines.",,,,163.0,expired,,,
,42,PA,state,incentive,,,Solar Energy Loan Program,,https://programs.dsireusa.org/system/program/PA,,"Program-level record for a solar incentive available in Pennsylvania, categorized as Loan Program. Typically includes the program name, administrator, eligibility rules, incentive structure or value, application steps, and deadlines.",,,,,active,,,
,42,PA,state,incentive,,,Solar Energy Incentives Program,,https://programs.dsireusa.org/system/program/PA,,"Program-level record for a solar incentive available in Pennsylvania, categorized as Industry Recruitment/Support. Typically includes the program name, administrator, eligibility rules, incentive structure or value, application steps, and deadlines.",,,,,active,,,
,42,PA,state,incentive,,,Sustainable Energy Fund (SEF) Loan Program (PPL Territory),,https://thesef.org/financing-options/,,"Program-level record for a solar incentive available in Pennsylvania, categorized as Loan Program. Typically includes the program name, administrator, eligibility rules, incentive structure or value, application steps, and deadlines.",,,,,error,,,
,42,PA,state,incentive,,,City of Philadelphia - Streamlined Solar Permitting and Fee Reduction,,https://www.phila.gov/services/permits-violations-licenses/get-a-permit/building-and-repair-permits/get-a-permit-for-solar-panels/,,"Program-level record for a solar incentive available in Pennsylvania, categorized as Green Building Incentive. Typically includes the program name, administrator, eligibility rules, incentive structure or value, application steps, and deadlines.",,,,,error,,,
,42,PA,state,incentive,,,City of Philadelphia - Solar Rebate Program,,https://www.phila.gov/programs/solar-rebate-program/,,"Program-level record for a solar incentive available in Pennsylvania, categorized as Rebate Program. Typically includes the program name, administrator, eligibility rules, incentive structure or value, application steps, and deadlines.",,,,0.2,pending,,,42
,42,PA,state,incentive,,,West Penn Power SEF Commercial Loan Program,,https://thesef.org/financing-options/,,"Program-level record for a solar incentive available in Pennsylvania, categorized as Loan Program. Typically includes the program name, administrator, eligibility rules, incentive structure or value, application steps, and deadlines.",,,,,error,,,
,42,PA,state,incentive,,,High Performance Building Incentives Program,,https://programs.dsireusa.org/system/program/PA,,"Program-level record for a solar incentive available in Pennsylvania, categorized as Grant Program. Typically includes the program name, administrator, eligibility rules, incentive structure or value, application steps, and deadlines.",,,,,active,,,
,42,PA,state,incentive,,,Met-Ed / Penelec Sustainable Energy Fund,,https://www.meted.com/saveenergyandmoney/forbusiness/Pages/Sustainable-Energy-Fund.aspx,,"Program-level record for a solar incentive available in Pennsylvania, categorized as Grant Program. Typically includes the program name, administrator, eligibility rules, incentive structure or value, application steps, and deadlines.",,,,,error,,,
,42,PA,state,incentive,,,Metropolitan Edison Company SEF Loans (FirstEnergy Territory),,https://www.meted.com/saveenergyandmoney/forbusiness/Pages/Sustainable-Energy-Fund.aspx,,"Program-level record for a solar incentive available in Pennsylvania, categorized as Loan Program. Typically includes the program name, administrator, eligibility rules, incentive structure or value, application steps, and deadlines.",,,,,error,,,
,42,PA,state,incentive,,,Penelec SEF of the Community Foundation for the Alleghenies Grant Program (FirstEnergy Territory),,https://cfalleghenies.org/grants/sustainable-energy-fund/,,"Program-level record for a solar incentive available in Pennsylvania, categorized as Grant Program. Typically includes the program name, administrator, eligibility rules, incentive structure or value, application steps, and deadlines.",,,,,error,,,
,42,PA,state,incentive,,,Sustainable Development Fund Financing Program (PECO Territory),,https://www.trfund.com/sdf/,,"Program-level record for a solar incentive available in Pennsylvania, categorized as Loan Program. Typically includes the program name, administrator, eligibility rules, incentive structure or value, application steps, and deadlines.",,,,,error,,,
,42,PA,state,incentive,,,State incentives overview - PA,,https://programs.dsireusa.org/system/program/PA,,"Program-level record for a solar incentive available in Pennsylvania. Typically includes the program name, administrator, eligibility rules, incentive structure or value, application steps, and deadlines.",,,,,active,,,
,42,PA,state,regulation,,,City of Philadelphia - Green Power Purchasing,,https://www.solarqcgroup.com/solar-incentives/PA/3983/city-of-philadelphia-green-power-purchasing,,"Jurisdiction-level solar policy or regulatory requirement in Pennsylvania, categorized as Green Power Purchasing. Summarizes applicability, key requirements (for example, interconnection, net metering, or permitting standards), and links to supporting documentation.",,,,,amended,,,
,42,PA,state,regulation,,,Energy Efficiency and Conservation Requirements for Utilities,,https://www.solarqcgroup.com/solar-incentives/PA/4514/energy-efficiency-and-conservation-requirements-for-utilities,,"Jurisdiction-level solar policy or regulatory requirement in Pennsylvania, categorized as Energy Efficiency Resource Standard. Summarizes applicability, key requirements (for example, interconnection, net metering, or permitting standards), and links to supporting documentation.",,,,1000.0,pending,10/15/2008,,
,42,PA,state,regulation,,,Interconnection Standards,,https://www.solarqcgroup.com/solar-incentives/PA/274/interconnection-standards,,"Jurisdiction-level solar policy or regulatory requirement in Pennsylvania, categorized as Interconnection. Summarizes applicability, key requirements (for example, interconnection, net metering, or permitting standards), and links to supporting documentation.",,,,100.0,expired,,,
,42,PA,state,regulation,,,Alternative Energy Portfolio Standard,,https://www.solarqcgroup.com/solar-incentives/PA/262/alternative-energy-portfolio-standard,,"Jurisdiction-level solar policy or regulatory requirement in Pennsylvania, categorized as Renewables Portfolio Standard. Summarizes applicability, key requirements (for example, interconnection, net metering, or permitting standards), and links to supporting documentation.",,,,45.0,expired,,,
,42,PA,state,regulation,,,Net Metering,,https://www.puc.pa.gov/,,"Jurisdiction-level solar policy or regulatory requirement in Pennsylvania, categorized as Net Metering. Summarizes applicability, key requirements (for example, interconnection, net metering, or permitting standards), and links to supporting documentation.",,,,163.0,expired,,,
,42,PA,state,regulation,,,Public Benefits Programs,,https://www.solarqcgroup.com/solar-incentives/PA/164/public-benefits-programs,,"Jurisdiction-level solar policy or regulatory requirement in Pennsylvania, categorized as Public Benefits Fund. Summarizes applicability, key requirements (for example, interconnection, net metering, or permitting standards), and links to supporting documentation.",,,,55.0,amended,,,
,45,SC,state,incentive,,,South Carolina solar tax incentive page,,https://dor.sc.gov/tax/solar,,"Official state or utility program source for solar incentive information in South Carolina. Typically includes program summaries, eligibility criteria, incentive structure, application instructions, and administrator guidance.",,,,,error,,,
,45,SC,state,regulation,,,Public Service Commission of South Carolina — solar / distributed generation regulatory portal,,https://psc.sc.gov/,,"Official state Public Service Commission or Public Utility Commission portal providing regulatory decisions, distributed generation policy, interconnection standards, and related solar market oversight. This grouped source class supports scalable state-by-state tracking without creating a different source architecture for every regulator. This row covers South Carolina.",,,,,pending,,,
,47,TN,state,regulation,,,Tennessee Public Utility Commission — solar / distributed generation regulatory portal,,https://www.tn.gov/tpuc.html,,"Official state Public Service Commission or Public Utility Commission portal providing regulatory decisions, distributed generation policy, interconnection standards, and related solar market oversight. This grouped source class supports scalable state-by-state tracking without creating a different source architecture for every regulator. This row covers Tennessee.",,,,,error,,,
,48,TX,state,incentive,,,CPS Energy - Solar PV Rebate Program,,https://www.cpsenergy.com/en/my-home/savenow/solar-rebates.html,,"Program-level record for a solar incentive available in Texas, categorized as Rebate Program. Typically includes the program name, administrator, eligibility rules, incentive structure or value, application steps, and deadlines.",,,,,error,,,
,48,TX,state,incentive,,,Austin Energy - Residential Solar PV Rebate Program,,https://savings.austinenergy.com/rebates/residential/solar-photovoltaics,,"Program-level record for a solar incentive available in Texas, categorized as Rebate Program. Typically includes the program name, administrator, eligibility rules, incentive structure or value, application steps, and deadlines.",,,,,error,,,
,48,TX,state,incentive,,,AEP Texas Central Company - SMART Source Solar PV Rebate Program,,https://www.aeptexassmartsource.com/,,"Program-level record for a solar incentive available in Texas, categorized as Rebate Program. Typically includes the program name, administrator, eligibility rules, incentive structure or value, application steps, and deadlines.",,,,,error,,,
,48,TX,state,incentive,,,AEP Texas North Company - SMART Source Solar PV Rebate Program,,https://www.aeptexassmartsource.com/,,"Program-level record for a solar incentive available in Texas, categorized as Rebate Program. Typically includes the program name, administrator, eligibility rules, incentive structure or value, application steps, and deadlines.",,,,,error,,,
,48,TX,state,incentive,,,Austin Energy - Commercial Solar PV Rebate Program,,https://savings.austinenergy.com/rebates/commercial/solar-photovoltaics,,"Program-level record for a solar incentive available in Texas, categorized as Rebate Program. Typically includes the program name, administrator, eligibility rules, incentive structure or value, application steps, and deadlines.",,,,,error,,,
,48,TX,state,incentive,,,Renewable Energy Systems Property Tax Exemption,,https://comptroller.texas.gov/taxes/property-tax/exemptions/renewable-energy.php,,"Program-level record for a solar incentive available in Texas, categorized as Property Tax Incentive. Typically includes the program name, administrator, eligibility rules, incentive structure or value, application steps, and deadlines.",,,,,error,,,
,48,TX,state,incentive,,,Oncor Electric Delivery - Residential Solar Program,,https://www.oncor.com/takealoadofftexas/pages/solar-energy-program.aspx,,"Program-level record for a solar incentive available in Texas, categorized as Rebate Program. Typically includes the program name, administrator, eligibility rules, incentive structure or value, application steps, and deadlines.",,,,,error,,,
,48,TX,state,incentive,,,LoanSTAR Revolving Loan Program,,https://www.seco.cpa.state.tx.us/loanstar/,,"Program-level record for a solar incentive available in Texas, categorized as Loan Program. Typically includes the program name, administrator, eligibility rules, incentive structure or value, application steps, and deadlines.",,,,,error,,,
,48,TX,state,incentive,,,Oncor Electric Delivery - Commercial Standard Offer Rebate Program,,https://www.oncor.com/takealoadofftexas/pages/commercial-solutions.aspx,,"Program-level record for a solar incentive available in Texas, categorized as Rebate Program. Typically includes the program name, administrator, eligibility rules, incentive structure or value, application steps, and deadlines.",,,,,error,,,
,48,TX,state,incentive,,,CenterPoint Energy - Residential and Hard-to-Reach Energy Efficiency Program,,https://www.centerpointenergy.com/en-us/corporate/about-us/our-company/energy-efficiency-programs/texas-electric-programs,,"Program-level record for a solar incentive available in Texas, categorized as Rebate Program. Typically includes the program name, administrator, eligibility rules, incentive structure or value, application steps, and deadlines.",,,,,error,,,
,48,TX,state,incentive,,,Oncor Electric Delivery - Commercial Solar Program,,https://www.oncor.com/takealoadofftexas/pages/solar-energy-program.aspx,,"Program-level record for a solar incentive available in Texas, categorized as Rebate Program. Typically includes the program name, administrator, eligibility rules, incentive structure or value, application steps, and deadlines.",,,,,error,,,
,48,TX,state,incentive,,,New Braunfels Utilities - Energy Efficiency and Water Conservation Rebate Programs,,https://www.nbutexas.com/save/rebates/,,"Program-level record for a solar incentive available in Texas, categorized as Rebate Program. Typically includes the program name, administrator, eligibility rules, incentive structure or value, application steps, and deadlines.",,,,80.0,active,,,
,48,TX,state,incentive,,,Garland Power & Light - EnergySaver Solar Rebate Program,,https://www.gpltexas.org/residential/energy-saver-program/solar-rebate,,"Program-level record for a solar incentive available in Texas, categorized as Rebate Program. Typically includes the program name, administrator, eligibility rules, incentive structure or value, application steps, and deadlines.",,,,,error,,,
,48,TX,state,incentive,,,CenterPoint Energy - SCORE and CitySmart Program,,https://www.centerpointenergy.com/en-us/corporate/about-us/our-company/energy-efficiency-programs/texas-electric-programs,,"Program-level record for a solar incentive available in Texas, categorized as Rebate Program. Typically includes the program name, administrator, eligibility rules, incentive structure or value, application steps, and deadlines.",,,,,error,,,
,48,TX,state,incentive,,,CPS Energy (Electric) - Residential Energy Efficiency Rebate Program,,https://www.cpsenergy.com/en/my-home/savenow/home-energy-rebates.html,,"Program-level record for a solar incentive available in Texas, categorized as Rebate Program. Typically includes the program name, administrator, eligibility rules, incentive structure or value, application steps, and deadlines.",,,,,error,,,
,48,TX,state,incentive,,,CenterPoint Energy - Commercial and Industrial Energy Efficiency Programs,,https://www.centerpointenergy.com/en-us/corporate/about-us/our-company/energy-efficiency-programs/texas-electric-programs,,"Program-level record for a solar incentive available in Texas, categorized as Rebate Program. Typically includes the program name, administrator, eligibility rules, incentive structure or value, application steps, and deadlines.",,,,,error,,,
,48,TX,state,incentive,,,City of Sunset Valley - PV Rebate Program,,https://www.sunsetvalley.org/solar-rebate-program/,,"Program-level record for a solar incentive available in Texas, categorized as Rebate Program. Typically includes the program name, administrator, eligibility rules, incentive structure or value, application steps, and deadlines.",,,,,error,,,
,48,TX,state,incentive,,,TXU - Commercial Energy Efficiency Program,,https://www.txu.com/help/business/energy-efficiency-programs,,"Program-level record for a solar incentive available in Texas, categorized as Rebate Program. Typically includes the program name, administrator, eligibility rules, incentive structure or value, application steps, and deadlines.",,,,,error,,,
,48,TX,state,incentive,,,City of San Marcos - Distributed Generation Rebate Program,,https://sanmarcostx.gov/energy/dg-rebate,,"Program-level record for a solar incentive available in Texas, categorized as Rebate Program. Typically includes the program name, administrator, eligibility rules, incentive structure or value, application steps, and deadlines.",,,,,error,,,
,48,TX,state,incentive,,,Austin Energy - Multifamily Solar PV Rebate Program,,https://savings.austinenergy.com/rebates/multifamily/solar-photovoltaics,,"Program-level record for a solar incentive available in Texas, categorized as Rebate Program. Typically includes the program name, administrator, eligibility rules, incentive structure or value, application steps, and deadlines.",,,,,error,,,
,48,TX,state,incentive,,,City of Houston - Property Tax Abatement for Green Commercial Buildings,,https://comptroller.texas.gov/taxes/property-tax/exemptions/renewable-energy.php,,"Program-level record for a solar incentive available in Texas, categorized as Property Tax Incentive. Typically includes the program name, administrator, eligibility rules, incentive structure or value, application steps, and deadlines.",,,,,error,,,
,48,TX,state,incentive,,,Austin Energy - Commercial Solar PV Incentive Program,,https://savings.austinenergy.com/rebates/commercial/solar-photovoltaics,,"Program-level record for a solar incentive available in Texas, categorized as Performance-Based Incentive. Typically includes the program name, administrator, eligibility rules, incentive structure or value, application steps, and deadlines.",,,,,error,,,
,48,TX,state,incentive,,,Solar and Wind Energy Business Franchise Tax Exemption,,https://programs.dsireusa.org/system/program/TX,,"Program-level record for a solar incentive available in Texas, categorized as Industry Recruitment/Support. Typically includes the program name, administrator, eligibility rules, incentive structure or value, application steps, and deadlines.",,,,,active,,,
,48,TX,state,incentive,,,City of Plano - Smart Energy Loan Program,,https://www.plano.gov/1466/Smart-Energy-Loan,,"Program-level record for a solar incentive available in Texas, categorized as Loan Program. Typically includes the program name, administrator, eligibility rules, incentive structure or value, application steps, and deadlines.",,,,,active,,,
,48,TX,state,incentive,,,State incentives overview - TX,,https://programs.dsireusa.org/system/program/TX,,"Program-level record for a solar incentive available in Texas. Typically includes the program name, administrator, eligibility rules, incentive structure or value, application steps, and deadlines.",,,,,active,,,
,48,TX,state,regulation,,,City of Fort Worth - Residential and Commercial Green Building Requirements,,https://www.solarqcgroup.com/solar-incentives/TX/5590/city-of-fort-worth-residential-and-commercial-green-building-requirements,,"Jurisdiction-level solar policy or regulatory requirement in Texas, categorized as Building Energy Code. Summarizes applicability, key requirements (for example, interconnection, net metering, or permitting standards), and links to supporting documentation.",,,,,amended,,,
,48,TX,state,regulation,,,City of Austin - Residential and Commercial Green Building Requirements,,https://www.solarqcgroup.com/solar-incentives/TX/2749/city-of-austin-residential-and-commercial-green-building-requirements,,"Jurisdiction-level solar policy or regulatory requirement in Texas, categorized as Building Energy Code. Summarizes applicability, key requirements (for example, interconnection, net metering, or permitting standards), and links to supporting documentation.",,,,,pending,02/15/2007,,
,48,TX,state,regulation,,,City of Houston - Green Building Policy for Municipal Buildings,,https://www.solarqcgroup.com/solar-incentives/TX/2887/city-of-houston-green-building-policy-for-municipal-buildings,,"Jurisdiction-level solar policy or regulatory requirement in Texas, categorized as Energy Standards for Public Buildings. Summarizes applicability, key requirements (for example, interconnection, net metering, or permitting standards), and links to supporting documentation.",,,,,amended,06/23/2004,,
,48,TX,state,regulation,,,City of Dallas - Green Building Policy for Municipal Buildings (Energy Efficiency Requirements),,https://www.solarqcgroup.com/solar-incentives/TX/2741/city-of-dallas-green-building-policy-for-municipal-buildings,,"Jurisdiction-level solar policy or regulatory requirement in Texas, categorized as Energy Standards for Public Buildings. Summarizes applicability, key requirements (for example, interconnection, net metering, or permitting standards), and links to supporting documentation.",,,,,amended,01/22/2003,,
,48,TX,state,regulation,,,City of Austin - Green Building Policy for Municipal Buildings,,https://www.solarqcgroup.com/solar-incentives/TX/2464/city-of-austin-green-building-policy-for-municipal-buildings,,"Jurisdiction-level solar policy or regulatory requirement in Texas, categorized as Energy Standards for Public Buildings. Summarizes applicability, key requirements (for example, interconnection, net metering, or permitting standards), and links to supporting documentation.",,,,2.0,amended,11/29/2007,,
,48,TX,state,regulation,,,City of Plano - Green Building Policy for Municipal Buildings,,https://www.solarqcgroup.com/solar-incentives/TX/3004/city-of-plano-green-building-policy-for-municipal-buildings,,"Jurisdiction-level solar policy or regulatory requirement in Texas, categorized as Energy Standards for Public Buildings. Summarizes applicability, key requirements (for example, interconnection, net metering, or permitting standards), and links to supporting documentation.",,,,,amended,,,
,48,TX,state,regulation,,,City of El Paso - Green Building Policy for Municipal Buildings,,https://www.solarqcgroup.com/solar-incentives/TX/5594/city-of-el-paso-green-building-policy-for-municipal-buildings,,"Jurisdiction-level solar policy or regulatory requirement in Texas, categorized as Energy Standards for Public Buildings. Summarizes applicability, key requirements (for example, interconnection, net metering, or permitting standards), and links to supporting documentation.",,,,,amended,06/10/2008,,
,48,TX,state,regulation,,,Interconnection Standards,,https://www.solarqcgroup.com/solar-incentives/TX/805/interconnection-standards,,"Jurisdiction-level solar policy or regulatory requirement in Texas, categorized as Interconnection. Summarizes applicability, key requirements (for example, interconnection, net metering, or permitting standards), and links to supporting documentation.",,,,,expired,11/18/1999,,42
,48,TX,state,regulation,,,City of Austin - Renewables Portfolio Standard,,https://www.solarqcgroup.com/solar-incentives/TX/897/city-of-austin-renewables-portfolio-standard,,"Jurisdiction-level solar policy or regulatory requirement in Texas, categorized as Renewables Portfolio Standard. Summarizes applicability, key requirements (for example, interconnection, net metering, or permitting standards), and links to supporting documentation.",,,,0.09,expired,02/11/1999,,
,48,TX,state,regulation,,,San Antonio City Public Service (CPS Energy) - Renewable Portfolio Goal,,https://www.solarqcgroup.com/solar-incentives/TX/2473/san-antonio-city-public-service-cps-energy-renewable-portfolio-goal,,"Jurisdiction-level solar policy or regulatory requirement in Texas, categorized as Renewables Portfolio Standard. Summarizes applicability, key requirements (for example, interconnection, net metering, or permitting standards), and links to supporting documentation.",,,,,amended,,,
,48,TX,state,regulation,,,Texas Solar Rights,,https://statutes.capitol.texas.gov/DocViewer.aspx?DocKey=PR%2FPR.202&ExactPhrase=False&HighlightType=1&Phrases=tenant&QueryText=tenant,,"Jurisdiction-level solar policy or regulatory requirement in Texas, categorized as Solar/Wind Access Policy. Summarizes applicability, key requirements (for example, interconnection, net metering, or permitting standards), and links to supporting documentation.",,,,,active,,,
,48,TX,state,regulation,,,City of Austin - Zoning Code,,https://www.solarqcgroup.com/solar-incentives/TX/4864/city-of-austin-zoning-code,,"Jurisdiction-level solar policy or regulatory requirement in Texas, categorized as Solar/Wind Access Policy. Summarizes applicability, key requirements (for example, interconnection, net metering, or permitting standards), and links to supporting documentation.",,,,,amended,,,
,48,TX,state,regulation,,,City of San Antonio - Sec. 35-398. - Renewable Energy Systems,,https://www.solarqcgroup.com/solar-incentives/TX/5893/city-of-san-antonio-sec-35-398-renewable-energy-systems,,"Jurisdiction-level solar policy or regulatory requirement in Texas, categorized as Solar/Wind Permitting Standards. Summarizes applicability, key requirements (for example, interconnection, net metering, or permitting standards), and links to supporting documentation.",,,,,expired,,,
,48,TX,state,regulation,,,Austin Energy - Value of Solar Rate,,https://www.solarqcgroup.com/solar-incentives/TX/5669/austin-energy-value-of-solar-residential-rate,,"Jurisdiction-level solar policy or regulatory requirement in Texas, categorized as Value of Solar Tariff. Summarizes applicability, key requirements (for example, interconnection, net metering, or permitting standards), and links to supporting documentation.",,,,0.09,expired,,,
,48,TX,state,regulation,,,Green Mountain Energy Renewable Rewards Program,,https://www.puc.texas.gov/,,"Jurisdiction-level solar policy or regulatory requirement in Texas, categorized as Net Metering. Summarizes applicability, key requirements (for example, interconnection, net metering, or permitting standards), and links to supporting documentation.",,,,,error,,,
,48,TX,state,regulation,,,El Paso Electric Company - Net Metering,,https://www.puc.texas.gov/,,"Jurisdiction-level solar policy or regulatory requirement in Texas, categorized as Net Metering. Summarizes applicability, key requirements (for example, interconnection, net metering, or permitting standards), and links to supporting documentation.",,,,,error,,,
,48,TX,state,regulation,,,San Antonio City Public Service (CPS Energy) - Net Metering,,https://www.puc.texas.gov/,,"Jurisdiction-level solar policy or regulatory requirement in Texas, categorized as Net Metering. Summarizes applicability, key requirements (for example, interconnection, net metering, or permitting standards), and links to supporting documentation.",,,,,error,,,
,48,TX,state,regulation,,,City of Brenham - Net Metering,,https://www.puc.texas.gov/,,"Jurisdiction-level solar policy or regulatory requirement in Texas, categorized as Net Metering. Summarizes applicability, key requirements (for example, interconnection, net metering, or permitting standards), and links to supporting documentation.",,,,,error,,,
,48,TX,state,regulation,,,City of Austin - Green Power Purchasing,,https://www.solarqcgroup.com/solar-incentives/TX/2762/city-of-austin-green-power-purchasing,,"Jurisdiction-level solar policy or regulatory requirement in Texas, categorized as Green Power Purchasing. Summarizes applicability, key requirements (for example, interconnection, net metering, or permitting standards), and links to supporting documentation.",,,,,amended,,,
,48,TX,state,regulation,,,Mandatory Renewable Energy Educational Materials,,https://www.solarqcgroup.com/solar-incentives/TX/337/mandatory-renewable-energy-educational-materials,,"Jurisdiction-level solar policy or regulatory requirement in Texas, categorized as Line Extension Analysis. Summarizes applicability, key requirements (for example, interconnection, net metering, or permitting standards), and links to supporting documentation.",,,,,expired,,,
,48,TX,state,regulation,,,City of Houston - Residential and Commercial Green Building Requirements,,https://www.solarqcgroup.com/solar-incentives/TX/5593/city-of-houston-residential-and-commercial-green-building-requirements,,"Jurisdiction-level solar policy or regulatory requirement in Texas, categorized as Building Energy Code. Summarizes applicability, key requirements (for example, interconnection, net metering, or permitting standards), and links to supporting documentation.",,,,,amended,01/08/2014,,
,49,UT,state,incentive,,,Renewable Energy Systems Tax Credit (Corporate),,https://tax.utah.gov/credits,,"Program-level record for a solar incentive available in Utah, categorized as Corporate Tax Credit. Typically includes the program name, administrator, eligibility rules, incentive structure or value, application steps, and deadlines.",,,,,error,,,
,49,UT,state,incentive,,,Renewable Energy Systems Tax Credit (Personal),,https://tax.utah.gov/credits,,"Program-level record for a solar incentive available in Utah, categorized as Personal Tax Credit. Typically includes the program name, administrator, eligibility rules, incentive structure or value, application steps, and deadlines.",,,,,error,,,
,49,UT,state,incentive,,,Alternative Energy Sales Tax Exemption,,https://tax.utah.gov/sales/exemptions,,"Program-level record for a solar incentive available in Utah, categorized as Sales Tax Incentive. Typically includes the program name, administrator, eligibility rules, incentive structure or value, application steps, and deadlines.",,,,,error,,,
,49,UT,state,incentive,,,Utah Commercial PACE financing program,,https://utahcpace.com/,,"Program-level record for a solar incentive available in Utah, categorized as PACE Financing. Typically includes the program name, administrator, eligibility rules, incentive structure or value, application steps, and deadlines.",,,,,active,,,
,49,UT,state,incentive,,,Local Option - Industrial Facilities and Development Bonds,,https://programs.dsireusa.org/system/program/UT,,"Program-level record for a solar incentive available in Utah, categorized as Bond Program. Typically includes the program name, administrator, eligibility rules, incentive structure or value, application steps, and deadlines.",,,,,active,,,
,49,UT,state,incentive,,,Alternative Energy Development Incentive (Personal),,https://tax.utah.gov/credits,,"Program-level record for a solar incentive available in Utah, categorized as Personal Tax Credit. Typically includes the program name, administrator, eligibility rules, incentive structure or value, application steps, and deadlines.",,,,,error,,,
,49,UT,state,incentive,,,Alternative Energy Development Incentive (Corporate),,https://tax.utah.gov/credits,,"Program-level record for a solar incentive available in Utah, categorized as Corporate Tax Credit. Typically includes the program name, administrator, eligibility rules, incentive structure or value, application steps, and deadlines.",,,,,error,,,
,49,UT,state,incentive,,,State incentives overview - UT,,https://programs.dsireusa.org/system/program/UT,,"Program-level record for a solar incentive available in Utah. Typically includes the program name, administrator, eligibility rules, incentive structure or value, application steps, and deadlines.",,,,,active,,,
,49,UT,state,regulation,,,Solar Contractor Licensing,,https://www.solarqcgroup.com/solar-incentives/UT/436/solar-contractor-licensing,,"Jurisdiction-level solar policy or regulatory requirement in Utah, categorized as Solar/Wind Contractor Licensing. Summarizes applicability, key requirements (for example, interconnection, net metering, or permitting standards), and links to supporting documentation.",,,,,amended,,,
,49,UT,state,regulation,,,Renewable Portfolio Goal,,https://www.solarqcgroup.com/solar-incentives/UT/2901/renewable-portfolio-goal,,"Jurisdiction-level solar policy or regulatory requirement in Utah, categorized as Renewables Portfolio Standard. Summarizes applicability, key requirements (for example, interconnection, net metering, or permitting standards), and links to supporting documentation.",,,,,amended,3/18/2008,,
,49,UT,state,regulation,,,City of St. George - Net Metering,,https://psc.utah.gov/,,"Jurisdiction-level solar policy or regulatory requirement in Utah, categorized as Net Metering. Summarizes applicability, key requirements (for example, interconnection, net metering, or permitting standards), and links to supporting documentation.",,,,,pending,,,
,49,UT,state,regulation,,,Salt Lake City - High Performance Buildings Requirement,,https://www.solarqcgroup.com/solar-incentives/UT/2727/salt-lake-city-high-performance-buildings-requirement,,"Jurisdiction-level solar policy or regulatory requirement in Utah, categorized as Energy Standards for Public Buildings. Summarizes applicability, key requirements (for example, interconnection, net metering, or permitting standards), and links to supporting documentation.",,,,10000.0,amended,,,
,49,UT,state,regulation,,,Interconnection Standards,,https://www.solarqcgroup.com/solar-incentives/UT/806/interconnection-standards,,"Jurisdiction-level solar policy or regulatory requirement in Utah, categorized as Interconnection. Summarizes applicability, key requirements (for example, interconnection, net metering, or permitting standards), and links to supporting documentation.",,,,,expired,3/15/2002,,
,49,UT,state,regulation,,,Utah Solar Easement and Access Laws,,https://www.cleanenergyauthority.com/solar-rebates-and-incentives/utah/utah-solar-easement-and-access-laws,,"Jurisdiction-level solar policy or regulatory requirement in Utah, categorized as Solar/Wind Access Policy. Summarizes applicability, key requirements (for example, interconnection, net metering, or permitting standards), and links to supporting documentation.",,,,,error,,,
,49,UT,state,regulation,,,Murray City Power - Net Metering Pilot Program,,https://psc.utah.gov/,,"Jurisdiction-level solar policy or regulatory requirement in Utah, categorized as Net Metering. Summarizes applicability, key requirements (for example, interconnection, net metering, or permitting standards), and links to supporting documentation.",,,,,pending,,,
,49,UT,state,regulation,,,Net Billing,,https://psc.utah.gov/,,"Jurisdiction-level solar policy or regulatory requirement in Utah, categorized as Net Metering. Summarizes applicability, key requirements (for example, interconnection, net metering, or permitting standards), and links to supporting documentation.",,,,,pending,,,
,50,VT,state,incentive,,,Commercial Energy Loan Program,,https://www.veda.org/veda-rates-fees,,"Program-level record for a solar incentive available in Vermont, categorized as Loan Program. Typically includes the program name, administrator, eligibility rules, incentive structure or value, application steps, and deadlines.",,,,500000.0,active,,,
,50,VT,state,incentive,,,Local Option - Property Tax Exemption,,https://tax.vermont.gov/municipal-officials/solar-plant-taxation,,"Program-level record for a solar incentive available in Vermont, categorized as Property Tax Incentive. Typically includes the program name, administrator, eligibility rules, incentive structure or value, application steps, and deadlines.",,,,4.0,active,,,
,50,VT,state,incentive,,,Uniform Capacity Tax and Exemption for Solar,,https://tax.vermont.gov/municipal-officials/solar-plant-taxation,,"Program-level record for a solar incentive available in Vermont, categorized as Property Tax Incentive. Typically includes the program name, administrator, eligibility rules, incentive structure or value, application steps, and deadlines.",,,,4.0,active,,,
,50,VT,state,incentive,,,Agricultural Energy Loan Program,,https://www.veda.org/veda-rates-fees,,"Program-level record for a solar incentive available in Vermont, categorized as Loan Program. Typically includes the program name, administrator, eligibility rules, incentive structure or value, application steps, and deadlines.",,,,500000.0,active,,,
,50,VT,state,incentive,,,Investment Tax Credit,,https://tax.vermont.gov/business-and-corp/income-tax-credits/investment-tax-credit,,"Program-level record for a solar incentive available in Vermont, categorized as Personal Tax Credit. Typically includes the program name, administrator, eligibility rules, incentive structure or value, application steps, and deadlines.",,,,,error,,,
,50,VT,state,incentive,,,Renewable Energy Systems Sales Tax Exemption,,https://tax.vermont.gov/business-and-corp/sales-and-use-tax,,"Program-level record for a solar incentive available in Vermont, categorized as Sales Tax Incentive. Typically includes the program name, administrator, eligibility rules, incentive structure or value, application steps, and deadlines.",,,,100000.0,expired,,,
,50,VT,state,incentive,,,State incentives overview - VT,,https://programs.dsireusa.org/system/program/VT,,"Program-level record for a solar incentive available in Vermont. Typically includes the program name, administrator, eligibility rules, incentive structure or value, application steps, and deadlines.",,,,,active,,,
,50,VT,state,regulation,,,Line Extension Alternatives,,https://www.solarqcgroup.com/solar-incentives/VT/3894/line-extension-alternatives,,"Jurisdiction-level solar policy or regulatory requirement in Vermont, categorized as Line Extension Analysis. Summarizes applicability, key requirements (for example, interconnection, net metering, or permitting standards), and links to supporting documentation.",,,,,amended,10/01/2008,,
,50,VT,state,regulation,,,Clean Energy Development Fund,,https://publicservice.vermont.gov/renewables/clean-energy-development-fund-cedf/recent-announcements,,"Jurisdiction-level solar policy or regulatory requirement in Vermont, categorized as Public Benefits Fund. Summarizes applicability, key requirements (for example, interconnection, net metering, or permitting standards), and links to supporting documentation.",,,,800.0,expired,,,360
,50,VT,state,regulation,,,Renewable Energy Standard,,https://publicservice.vermont.gov/renewables/renewable-energy-standard,,"Jurisdiction-level solar policy or regulatory requirement in Vermont, categorized as Renewables Portfolio Standard. Summarizes applicability, key requirements (for example, interconnection, net metering, or permitting standards), and links to supporting documentation.",,,,,active,,,
,50,VT,state,regulation,,,Net Metering,,https://puc.vermont.gov/,,"Jurisdiction-level solar policy or regulatory requirement in Vermont, categorized as Net Metering. Summarizes applicability, key requirements (for example, interconnection, net metering, or permitting standards), and links to supporting documentation.",,,,,amended,,,
,50,VT,state,regulation,,,Interconnection Standards,,https://www.solarqcgroup.com/solar-incentives/VT/807/interconnection-standards,,"Jurisdiction-level solar policy or regulatory requirement in Vermont, categorized as Interconnection. Summarizes applicability, key requirements (for example, interconnection, net metering, or permitting standards), and links to supporting documentation.",,,,300.0,expired,,,
,50,VT,state,regulation,,,Vermont Solar Rights Laws,,https://www.solarqcgroup.com/solar-incentives/VT/5788/vermont-solar-rights-laws,,"Jurisdiction-level solar policy or regulatory requirement in Vermont, categorized as Solar/Wind Access Policy. Summarizes applicability, key requirements (for example, interconnection, net metering, or permitting standards), and links to supporting documentation.",,,,,amended,,,
,55,WI,state,regulation,,,Public Service Commission of Wisconsin — solar / distributed generation regulatory portal,,https://psc.wi.gov/,,"Official state Public Service Commission or Public Utility Commission portal providing regulatory decisions, distributed generation policy, interconnection standards, and related solar market oversight. This grouped source class supports scalable state-by-state tracking without creating a different source architecture for every regulator. This row covers Wisconsin.",,,,,active,,,
